"","VAR_ID","GENE","AF_GNOMAD","AF_GNOMAD_AFR","AF_GNOMAD_AMR","AF_GNOMAD_ASJ","AF_GNOMAD_EAS","AF_GNOMAD_FIN","AF_GNOMAD_NFE","AF_GNOMAD_SAS","AF_GNOMAD_OTH","CHROM","POS","ID","REF","ALT","Source","Consequence","Protein.Consequence","Transcript.Consequence","Annotation","Flags","Allele.Count","Allele.Number","Homozygote.Count","Hemizygote.Count","Allele.Count.African","Allele.Number.African","Homozygote.Count.African","Hemizygote.Count.African","Allele.Count.Latino","Allele.Number.Latino","Homozygote.Count.Latino","Hemizygote.Count.Latino","Allele.Count.Ashkenazi.Jewish","Allele.Number.Ashkenazi.Jewish","Homozygote.Count.Ashkenazi.Jewish","Hemizygote.Count.Ashkenazi.Jewish","Allele.Count.East.Asian","Allele.Number.East.Asian","Homozygote.Count.East.Asian","Hemizygote.Count.East.Asian","Allele.Count.European..Finnish.","Allele.Number.European..Finnish.","Homozygote.Count.European..Finnish.","Hemizygote.Count.European..Finnish.","Allele.Count.European..non.Finnish.","Allele.Number.European..non.Finnish.","Homozygote.Count.European..non.Finnish.","Hemizygote.Count.European..non.Finnish.","Allele.Count.Other","Allele.Number.Other","Homozygote.Count.Other","Hemizygote.Count.Other","Allele.Count.South.Asian","Allele.Number.South.Asian","Homozygote.Count.South.Asian","Hemizygote.Count.South.Asian","VUS_LP_P","LP_P","Benign"
"1","14_23896932_C_G","MYH7",3.97630124458229e-06,0,0,0,0,0,8.78981787497363e-06,0,0,"14",23896932,"rs121913626","C","G","gnomAD Exomes","p.Gly584Arg","p.Gly584Arg","c.1750G>C","missense_variant","segdup",1,251490,0,0,0,16256,0,0,0,34588,0,0,0,10080,0,0,0,18394,0,0,0,21648,0,0,1,113768,0,0,0,6140,0,0,0,30616,0,0,1992-04-23,1992-04-23,NA
"2","14_23895023_G_A","MYH7",1.19420096013757e-05,0,0,0,0,0,1.76202139093969e-05,3.26626600470342e-05,0,"14",23895023,"rs121913630","G","A","gnomAD Exomes","p.Arg723Cys","p.Arg723Cys","c.2167C>T","missense_variant","segdup",3,251214,0,0,0,16254,0,0,0,34588,0,0,0,10080,0,0,0,18394,0,0,0,21644,0,0,2,113506,0,0,0,6132,0,0,1,30616,0,0,1992-11-01,1992-11-01,NA
"3","14_23893316_G_C","MYH7",3.18491623670297e-05,0,0,0,0,0,6.48172154524242e-05,NA,0,"14",23893316,"rs121913631","G","C","gnomAD Genomes","p.Leu908Val","p.Leu908Val","c.2722C>G","missense_variant","segdup",1,31398,0,0,0,8714,0,0,0,848,0,0,0,288,0,0,0,1558,0,0,0,3474,0,0,1,15428,0,0,0,1088,0,0,0,0,0,0,1993-05-01,1993-05-01,NA
"4","15_63353098_G_A","TPM1",1.7680089390532e-05,0,0,0,0,0.000159515074174509,7.7419754424539e-06,0,0,"15",63353098,"rs104894503","G","A","gnomAD Exomes,gnomAD Genomes","p.Asp175Asn","p.Asp175Asn","c.523G>A","missense_variant","",5,282804,0,0,0,24964,0,0,0,35438,0,0,0,10368,0,0,0,19954,0,0,4,25076,0,0,1,129166,0,0,0,7222,0,0,0,30616,0,0,1995-05-01,1995-05-01,NA
"5","11_47354740_C_T","MYBPC3",7.73993808049536e-06,0,0,0,0,0,8.54175208418751e-06,3.613500036135e-05,0,"11",47354740,"rs373746463","C","T","gnomAD Exomes,gnomAD Genomes","c.3330+5G>A","","c.3330+5G>A","splice_region_variant","lc_lof,os_lof",2,258400,0,0,0,22340,0,0,0,33348,0,0,0,9760,0,0,0,18538,0,0,0,22994,0,0,1,117072,0,0,0,6674,0,0,1,27674,0,0,1995-12-01,1995-12-01,NA
"6","12_111356964_C_T","MYL2",0.000335985853227233,0,5.64557104951166e-05,0.00540540540540541,0,0,0.000224569446165283,6.53509345183636e-05,0.000830564784053156,"12",111356964,"rs104894363","C","T","gnomAD Exomes,gnomAD Genomes","p.Ala13Thr","p.Ala13Thr","c.37G>A","missense_variant","",95,282750,0,0,0,24938,0,0,2,35426,0,0,56,10360,0,0,0,19950,0,0,0,25112,0,0,29,129136,0,0,6,7224,0,0,2,30604,0,0,1996-05-01,1996-05-01,2017-08-29
"7","3_46900985_C_T","MYL3",2.82911441645979e-05,0,0,0,5.01303388810908e-05,3.98215992354253e-05,4.64698410731435e-05,0,0,"3",46900985,"rs104893749","C","T","gnomAD Exomes,gnomAD Genomes","p.Arg154His","p.Arg154His","c.461G>A","missense_variant","",8,282774,0,0,0,24962,0,0,0,35432,0,0,0,10366,0,0,1,19948,0,0,1,25112,0,0,6,129116,0,0,0,7222,0,0,0,30616,0,0,1996-05-01,1996-05-01,NA
"8","11_47364129_C_G","MYBPC3",1.90347117002566e-05,0,0,0,0,0,4.18235048097031e-05,0,0,"11",47364129,"rs121909374","C","G","gnomAD Exomes,gnomAD Genomes","p.Glu542Gln","p.Glu542Gln","c.1624G>C","missense_variant","",5,262678,0,0,0,23890,0,0,0,34088,0,0,0,8858,0,0,0,19230,0,0,0,23010,0,0,5,119550,0,0,0,6730,0,0,0,27322,0,0,1997-03-01,1997-03-01,NA
"9","14_23895180_G_A","MYH7",3.18532203605785e-05,0,0,0,0,0,6.48088139987038e-05,NA,0,"14",23895180,"rs121913637","G","A","gnomAD Genomes","p.Arg719Trp","p.Arg719Trp","c.2155C>T","missense_variant","segdup",1,31394,0,0,0,8706,0,0,0,848,0,0,0,290,0,0,0,1560,0,0,0,3474,0,0,1,15430,0,0,0,1086,0,0,0,0,0,0,1998-03-01,1998-03-01,NA
"10","14_23899076_A_G","MYH7",3.19203268641471e-05,0,0,0,0,0,6.50279620236702e-05,NA,0,"14",23899076,"rs121913640","A","G","gnomAD Genomes","p.Met349Thr","p.Met349Thr","c.1046T>C","missense_variant","segdup",1,31328,0,0,0,8696,0,0,0,848,0,0,0,290,0,0,0,1560,0,0,0,3470,0,0,1,15378,0,0,0,1086,0,0,0,0,0,0,1998-03-01,1998-03-01,NA
"11","11_47354789_C_A","MYBPC3",4.84073966502082e-06,8.23723228995058e-05,0,0,0,0,0,0,0,"11",47354789,"rs121909377","C","A","gnomAD Exomes","p.Glu1096Ter","p.Glu1096Ter","c.3286G>T","stop_gained","",1,206580,0,0,1,12140,0,0,0,30080,0,0,0,9218,0,0,0,15296,0,0,0,18510,0,0,0,90082,0,0,0,5258,0,0,0,25996,0,0,1999-07-01,1999-07-01,NA
"12","14_23897840_C_T","MYH7",7.07073563933592e-06,0,0,0,0,0,1.54841906413552e-05,0,0,"14",23897840,"rs121913651","C","T","gnomAD Exomes,gnomAD Genomes","p.Glu483Lys","p.Glu483Lys","c.1447G>A","missense_variant","segdup",2,282856,0,0,0,24966,0,0,0,35440,0,0,0,10370,0,0,0,19954,0,0,0,25122,0,0,2,129164,0,0,0,7224,0,0,0,30616,0,0,1999-07-01,1999-07-01,NA
"13","1_201328373_G_A","TNNT2",0.000355626519577603,0.000245700245700246,0.00025811632442354,0,0,0.000122830003275467,0.000604758494469643,0,0.00056785917092561,"1",201328373,"rs121964857","G","A","gnomAD Exomes,gnomAD Genomes","p.Arg278Cys","p.Arg278Cys","c.832C>T","missense_variant","",98,275570,0,0,6,24420,0,0,9,34868,0,0,0,10168,0,0,0,19670,0,0,3,24424,0,0,76,125670,0,0,4,7044,0,0,0,29306,0,0,1999-07-22,1999-07-22,NA
"14","14_23895007_G_A","MYH7",0.000148631528285995,0.000200288415318058,0.00039505615441052,0,0.000100240577385726,0,0.000116372889771599,0.000195975960282205,0,"14",23895007,"rs121913644","G","A","gnomAD Exomes,gnomAD Genomes","p.Ala728Val","p.Ala728Val","c.2183C>T","missense_variant","segdup",42,282578,0,0,5,24964,0,0,14,35438,0,0,0,10370,0,0,2,19952,0,0,0,25122,0,0,15,128896,0,0,0,7220,0,0,6,30616,0,0,2001-06-01,2001-06-01,NA
"15","14_23896866_C_T","MYH7",7.07043568024662e-06,0,0,0,0,0,1.54810743865624e-05,0,0,"14",23896866,"rs121913627","C","T","gnomAD Exomes,gnomAD Genomes","p.Val606Met","p.Val606Met","c.1816G>A","missense_variant","segdup",2,282868,0,0,0,24960,0,0,0,35438,0,0,0,10370,0,0,0,19954,0,0,0,25116,0,0,2,129190,0,0,0,7226,0,0,0,30614,0,0,2001-06-01,2001-06-01,NA
"16","20_30408136_C_T","MYLK2",0.000147354801610121,4.14284530615627e-05,0.000452872912538919,9.78665100802505e-05,0,0,0.000134972052845528,9.8116169544741e-05,0.0004212299915754,"20",30408136,"rs121908107","C","T","gnomAD Exomes,gnomAD Genomes","p.Ala87Val","p.Ala87Val","c.260C>T","missense_variant","",41,278240,0,0,1,24138,0,0,16,35330,0,0,1,10218,0,0,0,19836,0,0,0,25068,0,0,17,125952,0,0,3,7122,0,0,3,30576,0,0,2001-11-30,2001-11-30,NA
"17","20_30408160_C_A","MYLK2",0.000773910226413736,0.00690343508275805,0.000736669122230407,9.79815794630609e-05,0,0,8.74417717292803e-05,0.000196399345335516,0.000703037120359955,"20",30408160,"rs121908108","C","A","gnomAD Exomes,gnomAD Genomes","p.Ala95Glu","p.Ala95Glu","c.284C>A","missense_variant","",215,277810,1,0,166,24046,1,0,26,35294,0,0,1,10206,0,0,0,19788,0,0,0,25016,0,0,11,125798,0,0,5,7112,0,0,6,30550,0,0,2001-11-30,2001-11-30,NA
"18","14_23865538_C_T","MYH6",3.9786109873321e-05,6.15536131970947e-05,0,0.000595356221472514,5.43655539849951e-05,0,1.75886025855246e-05,0,0,"14",23865538,"rs267606907","C","T","gnomAD Exomes","p.Arg795Gln","p.Arg795Gln","c.2384G>A","missense_variant","",10,251344,0,0,1,16246,0,0,0,34586,0,0,6,10078,0,0,1,18394,0,0,0,21582,0,0,2,113710,0,0,0,6138,0,0,0,30610,0,0,2002-01-29,2002-01-29,NA
"19","19_55663249_C_T","TNNI3",7.11809633631582e-06,0,0,0,0,0,1.55392910975401e-05,0,0,"19",55663249,"rs104894727","C","T","gnomAD Exomes,gnomAD Genomes","p.Asp196Asn","p.Asp196Asn","c.586G>A","missense_variant","",2,280974,0,0,0,24204,0,0,0,35376,0,0,0,10362,0,0,0,19538,0,0,0,25038,0,0,2,128706,0,0,0,7150,0,0,0,30600,0,0,2002-01-29,2002-01-29,NA
"20","12_111356937_C_T","MYL2",1.98829293122097e-05,0,5.78201792425557e-05,0,0,0,1.75808720112518e-05,0,0.000162866449511401,"12",111356937,"rs104894368","C","T","gnomAD Exomes","p.Glu22Lys","p.Glu22Lys","c.64G>A","missense_variant","",5,251472,0,0,0,16252,0,0,2,34590,0,0,0,10078,0,0,0,18394,0,0,0,21648,0,0,2,113760,0,0,1,6140,0,0,0,30610,0,0,2002-11-01,2002-11-01,NA
"21","11_19209833_A_G","CSRP3",1.41705281355836e-05,0,0,0,0,0,3.10795481033706e-05,0,0,"11",19209833,"rs104894205","A","G","gnomAD Exomes,gnomAD Genomes","p.Leu44Pro","p.Leu44Pro","c.131T>C","missense_variant","",4,282276,0,0,0,24954,0,0,0,35426,0,0,0,10348,0,0,0,19950,0,0,0,25070,0,0,4,128702,0,0,0,7212,0,0,0,30614,0,0,2003-03-18,2003-03-18,NA
"22","17_37822316_G_A","TCAP",0.000236997929002713,0,0,0,0.000351900261411623,0.00229588979728973,0.000101394565251303,0,0.000559440559440559,"17",37822316,"rs149585781","G","A","gnomAD Exomes,gnomAD Genomes","p.Arg153His","p.Arg153His","c.458G>A","missense_variant","",65,274264,0,0,0,24828,0,0,0,35404,0,0,0,10320,0,0,7,19892,0,0,41,17858,0,0,13,128212,0,0,4,7150,0,0,0,30600,0,0,2004-12-07,2004-12-07,NA
"23","11_47359085_C_T","MYBPC3",2.00625952973277e-05,0,0,0,5.56297285269248e-05,0,3.54051231213157e-05,0,0,"11",47359085,"rs2856655","C","T","gnomAD Exomes","p.Arg820Gln","p.Arg820Gln","c.2459G>A","missense_variant","",5,249220,0,0,0,15500,0,0,0,34518,0,0,0,10058,0,0,1,17976,0,0,0,21536,0,0,4,112978,0,0,0,6052,0,0,0,30602,0,0,2005-02-01,2005-02-01,NA
"24","14_23862177_C_G","MYH6",0.000307535684744109,0,0,0,0.00130312750601443,0.00167170832669957,7.73993808049536e-05,0.000261301280376274,0.000138350857775318,"14",23862177,"rs267606904","C","G","gnomAD Exomes,gnomAD Genomes","p.Gln1065His","p.Gln1065His","c.3195G>C","missense_variant","segdup",87,282894,0,0,0,24966,0,0,0,35438,0,0,0,10370,0,0,26,19952,0,0,42,25124,0,0,10,129200,0,0,1,7228,0,0,8,30616,0,0,2005-07-05,2005-07-05,NA
"25","11_47357547_G_T","MYBPC3",7.22000808640906e-05,0,0,0,0,4.71698113207547e-05,0.000142845482001469,0,0,"11",47357547,"rs371401403","G","T","gnomAD Exomes,gnomAD Genomes","p.Pro873His","p.Pro873His","c.2618C>A","missense_variant","",15,207756,1,0,0,20458,0,0,0,24768,0,0,0,5626,0,0,0,15262,0,0,1,21200,0,0,14,98008,1,0,0,5178,0,0,0,17256,0,0,2005-10-01,2005-10-01,NA
"26","14_23893321_T_C","MYH7",3.97677563031894e-06,0,0,0,0,0,8.79151794348812e-06,0,0,"14",23893321,"rs267606908","T","C","gnomAD Exomes","p.Asp906Gly","p.Asp906Gly","c.2717A>G","missense_variant","segdup",1,251460,0,0,0,16256,0,0,0,34592,0,0,0,10078,0,0,0,18394,0,0,0,21642,0,0,1,113746,0,0,0,6136,0,0,0,30616,0,0,2005-11-01,2005-11-01,NA
"27","14_23897796_C_A","MYH7",7.95266573355389e-06,0,0,0.000198412698412698,0,0,0,0,0,"14",23897796,"rs267606911","C","A","gnomAD Exomes","p.Glu497Asp","p.Glu497Asp","c.1491G>T","missense_variant","segdup",2,251488,0,0,0,16256,0,0,0,34592,0,0,2,10080,0,0,0,18394,0,0,0,21648,0,0,0,113762,0,0,0,6140,0,0,0,30616,0,0,2005-11-01,2005-11-01,NA
"28","3_52486238_A_T","TNNC1",3.9821282085998e-06,0,0,0,0,4.66592011944756e-05,0,0,0,"3",52486238,"rs267607123","A","T","gnomAD Exomes","p.Leu29Gln","p.Leu29Gln","c.86T>A","missense_variant","",1,251122,0,0,0,16250,0,0,0,34586,0,0,0,10078,0,0,0,18390,0,0,1,21432,0,0,0,113642,0,0,0,6128,0,0,0,30616,0,0,2005-12-01,2005-12-01,NA
"29","14_23894048_C_T","MYH7",7.07193573024808e-06,0,0,0,0,0,1.54865886142601e-05,0,0,"14",23894048,"rs36211715","C","T","gnomAD Exomes,gnomAD Genomes","p.Arg870His","p.Arg870His","c.2609G>A","missense_variant","segdup",2,282808,0,0,0,24956,0,0,0,35436,0,0,0,10368,0,0,0,19954,0,0,0,25114,0,0,2,129144,0,0,0,7220,0,0,0,30616,0,0,2006-05-01,2006-05-01,NA
"30","10_75842257_C_A","VCL",0.000116663838452401,0,0.000141091483718043,0,0,0,0.00019353440267542,0,0.000415167450871852,"10",75842257,"rs71579353","C","A","gnomAD Exomes,gnomAD Genomes","p.Leu277Met","p.Leu277Met","c.829C>A","missense_variant","",33,282864,0,0,0,24970,0,0,5,35438,0,0,0,10368,0,0,0,19952,0,0,0,25122,0,0,25,129176,0,0,3,7226,0,0,0,30612,0,0,2006-07-07,2006-07-07,NA
"31","10_75871844_C_T","VCL",9.94336260659285e-05,0,0,0,0,0.000184791647417537,0.000140708820684197,6.53253200940685e-05,0.000488758553274682,"10",75871844,"rs121917776","C","T","gnomAD Exomes","p.Arg975Trp","p.Arg975Trp","c.2923C>T","missense_variant","",25,251424,0,0,0,16256,0,0,0,34590,0,0,0,10074,0,0,0,18394,0,0,4,21646,0,0,16,113710,0,0,3,6138,0,0,2,30616,0,0,2006-10-20,2006-10-20,NA
"32","10_88441437_C_T","LDB3",0.000615321140727146,4.06008932196508e-05,0.000734920006783877,0,0,0.000838256426632604,0.000709474209443024,0.000850117708605807,0.00111638291934133,"10",88441437,"rs45487699","C","T","gnomAD Exomes,gnomAD Genomes","p.Ser189Leu","p.Ser189Leu","c.566C>T","missense_variant","",173,281154,0,0,1,24630,0,0,26,35378,0,0,0,10328,0,0,0,19752,0,0,21,25052,0,0,91,128264,0,0,8,7166,0,0,26,30584,0,0,2006-12-29,2006-12-29,NA
"33","10_88477867_C_T","LDB3",7.42343259523204e-05,0.000120182677670058,8.46501128668172e-05,0,0,0,0.000100623867981485,3.26626600470342e-05,0.000138350857775318,"10",88477867,"rs145983824","C","T","gnomAD Exomes,gnomAD Genomes","p.Pro613Leu","p.Pro613Leu","c.1838C>T","missense_variant","",21,282888,0,0,3,24962,0,0,3,35440,0,0,0,10370,0,0,0,19954,0,0,0,25124,0,0,13,129194,0,0,1,7228,0,0,1,30616,0,0,2006-12-29,2006-12-29,NA
"34","17_37822066_C_T","TCAP",4.6157590405935e-05,0,8.99172761059825e-05,0,0.000112069931637342,0,3.7439862221307e-05,0,0.000342700479780672,"17",37822066,"rs775636212","C","T","gnomAD Exomes","p.Arg70Trp","p.Arg70Trp","c.208C>T","missense_variant","",11,238314,0,0,0,15102,0,0,3,33364,0,0,0,9560,0,0,2,17846,0,0,0,20206,0,0,4,106838,0,0,2,5836,0,0,0,29562,0,0,2006-12-29,2006-12-29,NA
"35","20_42789006_A_G","JPH2",8.71801577960856e-06,0,0,0,0,0,1.96734212079481e-05,0,0,"20",42789006,"rs387906897","A","G","gnomAD Exomes","p.Tyr141His","p.Tyr141His","c.421T>C","missense_variant","",2,229410,0,0,0,13570,0,0,0,33462,0,0,0,9646,0,0,0,17332,0,0,0,19374,0,0,2,101660,0,0,0,5762,0,0,0,28604,0,0,2007-06-01,2007-06-01,NA
"36","11_47354743_A_C","MYBPC3",3.19345979434119e-05,0,0,0,0,0,6.4985703145308e-05,NA,0,"11",47354743,"rs387906397","A","C","gnomAD Genomes","c.3330+2T>G","","c.3330+2T>G","splice_donor_variant","",1,31314,0,0,0,8678,0,0,0,846,0,0,0,290,0,0,0,1554,0,0,0,3472,0,0,1,15388,0,0,0,1086,0,0,0,0,0,0,2007-11-15,2007-11-15,NA
"37","19_55668677_C_A","TNNI3",8.26569241705378e-06,0,5.84521861117606e-05,0,0,0,0,0,0,"19",55668677,"rs397516340","C","A","gnomAD Exomes","c.12-1G>T","","c.12-1G>T","splice_acceptor_variant","lof_flag",2,241964,0,0,0,14898,0,0,2,34216,0,0,0,9926,0,0,0,17794,0,0,0,20588,0,0,0,108206,0,0,0,5936,0,0,0,30400,0,0,2008-03-01,2008-03-01,NA
"38","15_35085632_G_A","ACTC1",7.95253924578118e-06,0,2.89084181313599e-05,0,0,0,8.78997239948667e-06,0,0,"15",35085632,"rs121912676","G","A","gnomAD Exomes","p.His90Tyr","p.His90Tyr","c.268C>T","missense_variant","segdup",2,251492,0,0,0,16256,0,0,1,34592,0,0,0,10080,0,0,0,18394,0,0,0,21648,0,0,1,113766,0,0,0,6140,0,0,0,30616,0,0,2008-05-01,2008-05-01,NA
"39","14_23900798_C_T","MYH7",7.95253924578118e-06,0,2.89084181313599e-05,0,0,0,8.78997239948667e-06,0,0,"14",23900798,"rs267606910","C","T","gnomAD Exomes","p.Arg243His","p.Arg243His","c.728G>A","missense_variant","segdup",2,251492,0,0,0,16256,0,0,1,34592,0,0,0,10080,0,0,0,18394,0,0,0,21648,0,0,1,113766,0,0,0,6140,0,0,0,30616,0,0,2008-06-03,2008-06-03,NA
"40","15_35085599_C_T","ACTC1",3.97626962289059e-06,0,0,0,0,0,8.78981787497363e-06,0,0,"15",35085599,"rs193922680","C","T","gnomAD Exomes","p.Glu101Lys","p.Glu101Lys","c.301G>A","missense_variant","segdup",1,251492,0,0,0,16256,0,0,0,34592,0,0,0,10078,0,0,0,18394,0,0,0,21648,0,0,1,113768,0,0,0,6140,0,0,0,30616,0,0,2008-06-03,2008-06-03,NA
"41","3_52485426_G_T","TNNC1",0.000127558251601565,0,0,0,0,3.98247710075667e-05,0.000256434166355837,0,0.000277392510402219,"3",52485426,"rs267607124","G","T","gnomAD Exomes,gnomAD Genomes","p.Asp145Glu","p.Asp145Glu","c.435C>A","missense_variant","",36,282224,0,0,0,24908,0,0,0,35414,0,0,0,10336,0,0,0,19946,0,0,1,25110,0,0,33,128688,0,0,2,7210,0,0,0,30612,0,0,2008-08-01,2008-08-01,NA
"42","11_47354482_C_T","MYBPC3",2.55814293440922e-05,0,2.89351851851852e-05,9.84445757038787e-05,0,0,3.9925259913442e-05,0,0,"11",47354482,"rs121909378","C","T","gnomAD Exomes,gnomAD Genomes","p.Val1125Met","p.Val1125Met","c.3373G>A","missense_variant","",7,273636,0,0,0,23334,0,0,1,34560,0,0,1,10158,0,0,0,19216,0,0,0,24630,0,0,5,125234,0,0,0,6992,0,0,0,29512,0,0,2008-09-01,2008-09-01,NA
"43","11_47364832_C_T","MYBPC3",2.56131795176526e-05,0,0,0,0,0,1.06789688387689e-05,0.000187143258164125,0,"11",47364832,"rs587776699","C","T","gnomAD Exomes","c.1224-19G>A","","c.1224-19G>A","intron_variant","",5,195212,0,0,0,14110,0,0,0,28966,0,0,0,6078,0,0,0,16786,0,0,0,9436,0,0,1,93642,0,0,0,4820,0,0,4,21374,0,0,2008-09-01,2008-09-01,NA
"44","11_47368581_C_G","MYBPC3",4.32922922402895e-06,0,0,0,0,0,9.33184023889511e-06,0,0,"11",47368581,"rs587776700","C","G","gnomAD Exomes","c.906-1G>C","","c.906-1G>C","splice_acceptor_variant","",1,230988,0,0,0,14678,0,0,0,34208,0,0,0,9818,0,0,0,17652,0,0,0,11246,0,0,1,107160,0,0,0,5794,0,0,0,30432,0,0,2008-09-01,2008-09-01,NA
"45","11_19209828_T_G","CSRP3",2.83362377977076e-05,0,2.82214821922447e-05,0,0,0,5.43756894060621e-05,0,0,"11",19209828,"rs137852765","T","G","gnomAD Exomes,gnomAD Genomes","p.Ser46Arg","p.Ser46Arg","c.136A>C","missense_variant","",8,282324,0,0,0,24958,0,0,1,35434,0,0,0,10350,0,0,0,19950,0,0,0,25080,0,0,7,128734,0,0,0,7208,0,0,0,30610,0,0,2008-09-15,2008-09-15,NA
"46","1_201334766_A_T","TNNT2",3.98196964146345e-06,0,0,0,0,0,8.80018304380731e-06,0,0,"1",201334766,"rs121964855","A","T","gnomAD Exomes","p.Ile79Asn","p.Ile79Asn","c.236T>A","missense_variant","",1,251132,0,0,0,16210,0,0,0,34540,0,0,0,10074,0,0,0,18388,0,0,0,21590,0,0,1,113634,0,0,0,6132,0,0,0,30564,0,0,2008-11-01,2008-11-01,NA
"47","1_236911044_C_T","ACTN2",0.000275895244697859,4.00769477396601e-05,0.000282342311818849,0,5.01303388810908e-05,0.000119436260848794,0.000449159761480678,3.27246547548923e-05,0.000553709856035437,"1",236911044,"rs200248944","C","T","gnomAD Exomes,gnomAD Genomes","p.Thr495Met","p.Thr495Met","c.1484C>T","missense_variant","",78,282716,1,0,1,24952,0,0,10,35418,0,0,0,10368,0,0,1,19948,0,0,3,25118,0,0,58,129130,1,0,4,7224,0,0,1,30558,0,0,2010-03-16,2010-03-16,NA
"48","11_47359047_C_T","MYBPC3",0.00145437953602441,0.000413223140495868,0.000282821426551276,0,0,0.00231944333359994,0.00243872033409689,6.5359477124183e-05,0.00210142897170076,"11",47359047,"rs199865688","C","T","gnomAD Exomes,gnomAD Genomes","p.Ala833Thr","p.Ala833Thr","c.2497G>A","missense_variant","",408,280532,0,0,10,24200,0,0,10,35358,0,0,0,10348,0,0,0,19536,0,0,58,25006,0,0,313,128346,0,0,15,7138,0,0,2,30600,0,0,2010-04-01,2010-04-01,2013-06-24
"49","11_47356671_G_A","MYBPC3",1.21396545863615e-05,0,0,0,0,0,8.93463421607519e-06,6.56943896991197e-05,0,"11",47356671,"rs387907267","G","A","gnomAD Exomes","p.Arg943Ter","p.Arg943Ter","c.2827C>T","stop_gained","",3,247124,0,0,0,15320,0,0,0,34214,0,0,0,9982,0,0,0,17790,0,0,0,21480,0,0,1,111924,0,0,0,5970,0,0,2,30444,0,0,2010-08-01,2010-08-01,NA
"50","1_201331523_C_T","TNNT2",2.00785472769474e-05,0,0,0,0,0,0,0.000164235974247799,0,"1",201331523,"rs483352835","C","T","gnomAD Exomes","c.571-1G>A","","c.571-1G>A","splice_acceptor_variant","lof_flag",5,249022,0,0,0,16168,0,0,0,34486,0,0,0,10060,0,0,0,18370,0,0,0,21626,0,0,0,111752,0,0,0,6116,0,0,5,30444,0,0,2010-09-30,2010-09-30,NA
"51","1_78383902_C_G","NEXN",4.00775902146556e-06,6.45744543458608e-05,0,0,0,0,0,0,0,"1",78383902,"rs387907079","C","G","gnomAD Exomes","p.Gln131Glu","p.Gln131Glu","c.391C>G","missense_variant","",1,249516,0,0,1,15486,0,0,0,34526,0,0,0,10068,0,0,0,17978,0,0,0,21562,0,0,0,113234,0,0,0,6060,0,0,0,30602,0,0,2010-11-12,2010-11-12,NA
"52","1_78392548_C_T","NEXN",0.000503841343576916,0,0.000169885044453253,0,0.00630316695705647,0,7.03443747948289e-05,6.54793085385018e-05,0.000140449438202247,"1",78392548,"rs146245480","C","T","gnomAD Exomes,gnomAD Genomes","p.Arg279Cys","p.Arg279Cys","c.835C>T","missense_variant","",141,279850,1,0,0,24060,0,0,6,35318,0,0,0,10316,0,0,123,19514,1,0,0,25036,0,0,9,127942,0,0,1,7120,0,0,2,30544,0,0,2010-11-12,2010-11-12,2012-08-13
"53","11_47358971_C_T","MYBPC3",7.31010182971849e-06,0,0,0,0,0,1.6025641025641e-05,0,0,"11",47358971,"rs727503185","C","T","gnomAD Exomes,gnomAD Genomes","p.Ser858Asn","p.Ser858Asn","c.2573G>A","missense_variant","",2,273594,0,0,0,24098,0,0,0,35150,0,0,0,9976,0,0,0,19502,0,0,0,22842,0,0,2,124800,0,0,0,7014,0,0,0,30212,0,0,2010-12-17,2010-12-17,NA
"54","6_118880200_T_G","PLN",1.59214119108082e-05,0,0,0,0,0,3.52304955169194e-05,0,0,"6",118880200,"rs111033560","T","G","gnomAD Exomes","p.Leu39Ter","p.Leu39Ter","c.116T>G","stop_gained","lc_lof",4,251234,0,0,0,16256,0,0,0,34590,0,0,0,10074,0,0,0,18388,0,0,0,21648,0,0,4,113538,0,0,0,6130,0,0,0,30610,0,0,2011-01-01,2011-01-01,NA
"55","11_47364249_G_A","MYBPC3",4.63240115168619e-05,4.13291453132749e-05,0,0,0,0,7.78610025382687e-05,3.26776027710607e-05,0.000140056022408964,"11",47364249,"rs375882485","G","A","gnomAD Exomes,gnomAD Genomes","p.Arg502Trp","p.Arg502Trp","c.1504C>T","missense_variant","",13,280632,0,0,1,24196,0,0,0,35358,0,0,0,10346,0,0,0,19534,0,0,0,25022,0,0,10,128434,0,0,1,7140,0,0,1,30602,0,0,2011-06-16,2011-06-16,NA
"56","14_23894536_C_T","MYH7",7.95329823277713e-06,0,2.89084181313599e-05,0,0,0,0,3.26626600470342e-05,0,"14",23894536,"rs730880896","C","T","gnomAD Exomes","p.Arg793Gln","p.Arg793Gln","c.2378G>A","missense_variant","segdup",2,251468,0,0,0,16254,0,0,1,34592,0,0,0,10080,0,0,0,18394,0,0,0,21648,0,0,0,113744,0,0,0,6140,0,0,1,30616,0,0,2011-07-26,2011-07-26,NA
"57","11_47364285_C_T","MYBPC3",0.00021393882775785,8.26582906265498e-05,0,0,0,0.000159948816378759,0.000358462041986815,0.000228862878441117,0.000140252454417952,"11",47364285,"rs200625851","C","T","gnomAD Exomes,gnomAD Genomes","p.Gly490Arg","p.Gly490Arg","c.1468G>A","missense_variant","",60,280454,0,0,2,24196,0,0,0,35354,0,0,0,10322,0,0,0,19532,0,0,4,25008,0,0,46,128326,0,0,1,7130,0,0,7,30586,0,0,2011-08-01,2011-08-01,NA
"58","14_23884860_C_T","MYH7",2.12499203127988e-05,0,0,0,0,0,4.65686654972757e-05,0,0,"14",23884860,"rs193922390","C","T","gnomAD Exomes,gnomAD Genomes","p.Arg1712Gln","p.Arg1712Gln","c.5135G>A","missense_variant","segdup",6,282354,0,0,0,24966,0,0,0,35436,0,0,0,10362,0,0,0,19948,0,0,0,24968,0,0,6,128842,0,0,0,7220,0,0,0,30612,0,0,2011-08-18,2011-08-18,NA
"59","3_46901019_C_T","MYL3",1.4139771642688e-05,0,0.000112879557512135,0,0,0,0,0,0,"3",46901019,"rs104893750","C","T","gnomAD Exomes,gnomAD Genomes","p.Glu143Lys","p.Glu143Lys","c.427G>A","missense_variant","",4,282890,0,0,0,24968,0,0,4,35436,0,0,0,10368,0,0,0,19954,0,0,0,25124,0,0,0,129198,0,0,0,7226,0,0,0,30616,0,0,2011-09-01,2011-09-01,NA
"60","11_47353433_C_T","MYBPC3",4.1211621677313e-06,6.84743905779239e-05,0,0,0,0,0,0,0,"11",47353433,"rs397516044","C","T","gnomAD Exomes","c.3815-1G>A","","c.3815-1G>A","splice_acceptor_variant","",1,242650,0,0,1,14604,0,0,0,33922,0,0,0,9842,0,0,0,17768,0,0,0,20898,0,0,0,110028,0,0,0,5894,0,0,0,29694,0,0,2011-09-30,2011-09-30,NA
"61","1_201328778_C_T","TNNT2",4.5254192800963e-06,0,0,0,0,0,0,3.67701132519488e-05,0,"1",201328778,"rs730881125","C","T","gnomAD Exomes","p.Arg265Gln","p.Arg265Gln","c.794G>A","missense_variant","",1,220974,0,0,0,13358,0,0,0,32332,0,0,0,9530,0,0,0,16964,0,0,0,19648,0,0,0,96288,0,0,0,5658,0,0,1,27196,0,0,2011-10-04,2011-10-04,NA
"62","14_23886482_G_C","MYH7",0.000135226504394861,0,0,0,0,0,0,0.00111053044159916,0,"14",23886482,"rs397516214","G","C","gnomAD Exomes","p.Leu1467Val","p.Leu1467Val","c.4399C>G","missense_variant","segdup",34,251430,0,0,0,16252,0,0,0,34590,0,0,0,10078,0,0,0,18394,0,0,0,21642,0,0,0,113718,0,0,0,6140,0,0,34,30616,0,0,2011-10-18,2011-10-18,NA
"63","14_23888731_C_T","MYH7",5.30278926715452e-05,0,0.00039505615441052,0,0,0,7.74065702696845e-06,0,0,"14",23888731,"rs730880906","C","T","gnomAD Exomes,gnomAD Genomes","p.Asp1272Asn","p.Asp1272Asn","c.3814G>A","missense_variant","segdup",15,282870,0,0,0,24964,0,0,14,35438,0,0,0,10370,0,0,0,19952,0,0,0,25116,0,0,1,129188,0,0,0,7226,0,0,0,30616,0,0,2011-10-18,2011-10-18,NA
"64","14_23887557_C_T","MYH7",1.41668142376483e-05,0,2.82342311818849e-05,0,5.01504513540622e-05,0,7.76252872135627e-06,3.26776027710607e-05,0,"14",23887557,"rs797045097","C","T","gnomAD Exomes,gnomAD Genomes","p.Arg1344Gln","p.Arg1344Gln","c.4031G>A","missense_variant","segdup",4,282350,0,0,0,24920,0,0,1,35418,0,0,0,10344,0,0,1,19940,0,0,0,25098,0,0,1,128824,0,0,0,7204,0,0,1,30602,0,0,2011-11-03,2011-11-03,NA
"65","11_47353740_G_A","MYBPC3",8.02445854965936e-06,0,0,0,0,0,1.76984885490779e-05,0,0,"11",47353740,"rs397516037","G","A","gnomAD Exomes","p.Gln1233Ter","p.Gln1233Ter","c.3697C>T","stop_gained","",2,249238,0,0,0,15480,0,0,0,34518,0,0,0,10062,0,0,0,17972,0,0,0,21546,0,0,2,113004,0,0,0,6054,0,0,0,30602,0,0,2011-11-18,2011-11-18,NA
"66","14_23896451_T_C","MYH7",3.97785132382892e-06,0,0,0,0,0,8.79461066258597e-06,0,0,"14",23896451,"rs727504239","T","C","gnomAD Exomes","p.Arg652Gly","p.Arg652Gly","c.1954A>G","missense_variant","",1,251392,0,0,0,16232,0,0,0,34586,0,0,0,10078,0,0,0,18388,0,0,0,21648,0,0,1,113706,0,0,0,6140,0,0,0,30614,0,0,2011-12-05,2011-12-05,NA
"67","11_47369407_C_T","MYBPC3",2.89027365110929e-05,0,3.81621126545566e-05,0,8.07884957182097e-05,0,1.38627037817456e-05,4.24088210347752e-05,0.000212675457252233,"11",47369407,"rs397516073","C","T","gnomAD Exomes","c.821+1G>A","","c.821+1G>A","splice_donor_variant","",5,172994,0,0,0,9196,0,0,1,26204,0,0,0,8748,0,0,1,12378,0,0,0,16050,0,0,1,72136,0,0,1,4702,0,0,1,23580,0,0,2012-01-03,2012-01-03,NA
"68","1_201328345_C_T","TNNT2",4.1271832799551e-06,0,2.95805478317458e-05,0,0,0,0,0,0,"1",201328345,"rs727504247","C","T","gnomAD Exomes","p.Trp287Ter","p.Trp287Ter","c.860G>A","stop_gained","lc_lof",1,242296,0,0,0,15478,0,0,1,33806,0,0,0,9830,0,0,0,17966,0,0,0,20768,0,0,0,109746,0,0,0,5898,0,0,0,28804,0,0,2012-01-16,2012-01-16,NA
"69","3_46902192_C_T","MYL3",7.95867854101505e-06,0,2.89167775143138e-05,0,0,0,8.79677686095814e-06,0,0,"3",46902192,"rs199474703","C","T","gnomAD Exomes","p.Arg94His","p.Arg94His","c.281G>A","missense_variant","",2,251298,0,0,0,16250,0,0,1,34582,0,0,0,10080,0,0,0,18386,0,0,0,21570,0,0,1,113678,0,0,0,6136,0,0,0,30616,0,0,2012-01-23,2012-01-23,NA
"70","14_23893180_T_A","MYH7",3.97626962289059e-06,0,0,0,0,0,8.78997239948667e-06,0,0,"14",23893180,"rs730880901","T","A","gnomAD Exomes","p.Asp953Val","p.Asp953Val","c.2858A>T","missense_variant","segdup",1,251492,0,0,0,16256,0,0,0,34592,0,0,0,10080,0,0,0,18394,0,0,0,21648,0,0,1,113766,0,0,0,6140,0,0,0,30616,0,0,2012-02-10,2012-02-10,NA
"71","11_47355103_C_T","MYBPC3",1.67518217606165e-05,6.4968814968815e-05,0,0,0,0,1.77869479376034e-05,3.269042170644e-05,0,"11",47355103,"rs587782958","C","T","gnomAD Exomes","c.3190+5G>A","","c.3190+5G>A","splice_region_variant","lc_lof,os_lof",4,238780,0,0,1,15392,0,0,0,34464,0,0,0,10026,0,0,0,17918,0,0,0,11978,0,0,2,112442,0,0,0,5970,0,0,1,30590,0,0,2012-02-17,2012-02-17,NA
"72","14_23889439_C_T","MYH7",1.228873614445e-05,0,0,0,5.52669393169006e-05,0,9.06930764905407e-06,3.33800654249282e-05,0,"14",23889439,"rs730880773","C","T","gnomAD Exomes","p.Arg1114His","p.Arg1114His","c.3341G>A","missense_variant","segdup",3,244126,0,0,0,15478,0,0,0,34310,0,0,0,9854,0,0,1,18094,0,0,0,20208,0,0,1,110262,0,0,0,5962,0,0,1,29958,0,0,2012-02-27,2012-02-27,NA
"73","11_47354203_G_C","MYBPC3",1.61217514670794e-05,0,0.0001162452775356,0,0,0,0,0,0,"11",47354203,"rs730880593","G","C","gnomAD Exomes","p.Pro1181Ala","p.Pro1181Ala","c.3541C>G","missense_variant","",4,248112,0,0,0,15360,0,0,4,34410,0,0,0,10026,0,0,0,17954,0,0,0,21496,0,0,0,112268,0,0,0,6032,0,0,0,30566,0,0,2012-03-06,2012-03-06,NA
"74","1_201333503_C_T","TNNT2",8.01815309861527e-06,0,5.79508576726936e-05,0,0,0,0,0,0,"1",201333503,"rs730881100","C","T","gnomAD Exomes","p.Glu128Lys","p.Glu128Lys","c.382G>A","missense_variant","",2,249434,0,0,0,16124,0,0,2,34512,0,0,0,10058,0,0,0,18374,0,0,0,20448,0,0,0,113302,0,0,0,6110,0,0,0,30506,0,0,2012-04-23,2012-04-23,NA
"75","14_23884256_G_C","MYH7",7.9874756381993e-06,0,0,0,0,0,8.79569362839954e-06,3.26626600470342e-05,0,"14",23884256,"rs727503242","G","C","gnomAD Exomes","p.Ser1836Trp","p.Ser1836Trp","c.5507C>G","missense_variant","segdup",2,250392,0,0,0,16254,0,0,0,34588,0,0,0,10078,0,0,0,18386,0,0,0,20648,0,0,1,113692,0,0,0,6130,0,0,1,30616,0,0,2012-04-23,2012-04-23,NA
"76","10_69881254_A_G","MYPN",0.00093359455120271,0.000440528634361233,0.0013549370518828,0,0,0,0.00154892272424529,0,0.000692904656319291,"10",69881254,"rs140148105","A","G","gnomAD Exomes,gnomAD Genomes","p.Tyr20Cys","p.Tyr20Cys","c.59A>G","missense_variant","",264,282778,0,0,11,24970,0,0,48,35426,0,0,0,10364,0,0,0,19950,0,0,0,25120,0,0,200,129122,0,0,5,7216,0,0,0,30610,0,0,2012-05-01,2012-05-01,NA
"77","10_69959174_C_T","MYPN",0.00305991057278696,0.0015220700152207,0.00375409280794852,0.00974715305925497,0.000100331092605598,0.000637145587766805,0.00269667100613725,0.00587927880846616,0.00650789255054002,"10",69959174,"rs71534278","C","T","gnomAD Exomes,gnomAD Genomes","p.Pro1112Leu","p.Pro1112Leu","c.3335C>T","missense_variant","",865,282688,4,0,38,24966,0,0,133,35428,1,0,101,10362,0,0,2,19934,0,0,16,25112,0,0,348,129048,0,0,47,7222,2,0,180,30616,1,0,2012-05-01,2012-05-01,NA
"78","14_23900992_T_C","MYH7",3.97623800170183e-06,0,0,0,5.43655539849951e-05,0,0,0,0,"14",23900992,"rs730880846","T","C","gnomAD Exomes","p.Lys206Arg","p.Lys206Arg","c.617A>G","missense_variant","segdup",1,251494,0,0,0,16256,0,0,0,34592,0,0,0,10080,0,0,1,18394,0,0,0,21648,0,0,0,113768,0,0,0,6140,0,0,0,30616,0,0,2012-05-21,2012-05-21,NA
"79","12_111351095_A_C","MYL2",0.000119287140051055,0,0,0,0,0,0,0.000979879801411027,0,"12",111351095,"rs547860537","A","C","gnomAD Exomes","p.Phe103Cys","p.Phe103Cys","c.308T>G","missense_variant","",30,251494,0,0,0,16256,0,0,0,34592,0,0,0,10080,0,0,0,18394,0,0,0,21648,0,0,0,113768,0,0,0,6140,0,0,30,30616,0,0,2012-06-26,2012-06-26,NA
"80","11_47355117_G_A","MYBPC3",1.47732309055991e-05,0,0,0,0,0.000191277735271614,0,0,0.000141482739105829,"11",47355117,"rs397516005","G","A","gnomAD Exomes,gnomAD Genomes","p.Gln1061Ter","p.Gln1061Ter","c.3181C>T","stop_gained","",4,270760,0,0,0,24144,0,0,0,35326,0,0,0,10330,0,0,0,19498,0,0,3,15684,0,0,0,128110,0,0,1,7068,0,0,0,30600,0,0,2012-07-12,2012-07-12,NA
"81","14_23899810_C_T","MYH7",1.59145705850992e-05,6.15384615384615e-05,0,0,0,0,2.63856884026104e-05,0,0,"14",23899810,"rs376897125","C","T","gnomAD Exomes","p.Val320Met","p.Val320Met","c.958G>A","missense_variant","segdup",4,251342,0,0,1,16250,0,0,0,34566,0,0,0,10078,0,0,0,18392,0,0,0,21624,0,0,3,113698,0,0,0,6138,0,0,0,30596,0,0,2012-08-06,2012-08-06,NA
"82","14_23886504_C_A","MYH7",0.000293659779224455,0.00016025641025641,0.000169319336268202,9.65623792970259e-05,0,0,0.000534892013829672,0,0.000415512465373961,"14",23886504,"rs201307101","C","A","gnomAD Exomes,gnomAD Genomes","p.Lys1459Asn","p.Lys1459Asn","c.4377G>T","missense_variant","segdup",83,282640,0,0,4,24960,0,0,6,35436,0,0,1,10356,0,0,0,19948,0,0,0,25106,0,0,69,128998,0,0,3,7220,0,0,0,30616,0,0,2012-09-06,2012-09-06,NA
"83","11_47367923_T_C","MYBPC3",8.76301307441551e-06,0,0,0,0,0,1.97437264309266e-05,0,0,"11",47367923,"rs397516082","T","C","gnomAD Exomes,gnomAD Genomes","c.927-2A>G","","c.927-2A>G","splice_acceptor_variant","",2,228232,0,0,0,20928,0,0,0,29786,0,0,0,8164,0,0,0,16522,0,0,0,21544,0,0,2,101298,0,0,0,6128,0,0,0,23862,0,0,2012-09-21,2012-09-21,NA
"84","12_111352007_A_G","MYL2",2.12117569698298e-05,0,2.82167042889391e-05,0,0,0,3.87044835273718e-05,0,0,"12",111352007,"rs730880950","A","G","gnomAD Exomes,gnomAD Genomes","p.Phe86Ser","p.Phe86Ser","c.257T>C","missense_variant","",6,282862,0,0,0,24958,0,0,1,35440,0,0,0,10370,0,0,0,19944,0,0,0,25122,0,0,5,129184,0,0,0,7228,0,0,0,30616,0,0,2012-11-08,2012-11-08,NA
"85","4_120107298_A_G","MYOZ2",0.00229979407997622,4.00608925566862e-05,0,0,0,0.0218794835007174,0.000573590053638421,0,0.00360610263522885,"4",120107298,"rs140126678","A","G","gnomAD Exomes,gnomAD Genomes","p.Ile246Met","p.Ile246Met","c.738A>G","missense_variant",NA,650,282634,9,0,1,24962,0,0,0,35424,0,0,0,10368,0,0,0,19954,0,0,549,25092,9,0,74,129012,0,0,26,7210,0,0,0,30612,0,0,2013-01-01,2013-01-01,2016-06-14
"86","11_47365042_C_T","MYBPC3",1.47773059986011e-05,0,0,0,0.000135080372821829,0,0,3.89620509623627e-05,0,"11",47365042,"rs730880639","C","T","gnomAD Exomes","c.1223+1G>A","","c.1223+1G>A","splice_donor_variant","",3,203014,0,0,0,11292,0,0,0,29582,0,0,0,9036,0,0,2,14806,0,0,0,18186,0,0,0,89288,0,0,0,5158,0,0,1,25666,0,0,2013-01-15,2013-01-15,NA
"87","14_23902297_A_G","MYH7",3.97880094854615e-06,0,0,0,0,0,8.80188712459951e-06,0,0,"14",23902297,"rs730880833","A","G","gnomAD Exomes","p.Ile114Thr","p.Ile114Thr","c.341T>C","missense_variant","segdup",1,251332,0,0,0,16256,0,0,0,34590,0,0,0,10078,0,0,0,18394,0,0,0,21646,0,0,1,113612,0,0,0,6140,0,0,0,30616,0,0,2013-01-25,2013-01-25,NA
"88","1_201334370_A_C","TNNT2",7.95247600340366e-06,0,0,0,0,4.61936437546194e-05,8.78966335589347e-06,0,0,"1",201334370,"rs727504331","A","C","gnomAD Exomes","p.Phe110Leu","p.Phe110Leu","c.330T>G","missense_variant","",2,251494,0,0,0,16256,0,0,0,34590,0,0,0,10080,0,0,0,18394,0,0,1,21648,0,0,1,113770,0,0,0,6140,0,0,0,30616,0,0,2013-02-08,2013-02-08,NA
"89","11_47364580_A_G","MYBPC3",4.0374350982308e-06,0,0,0,0,0,8.8985388599192e-06,0,0,"11",47364580,"rs727504279","A","G","gnomAD Exomes","p.Phe448Ser","p.Phe448Ser","c.1343T>C","missense_variant","",1,247682,0,0,0,15308,0,0,0,34384,0,0,0,10020,0,0,0,17950,0,0,0,21208,0,0,1,112378,0,0,0,6022,0,0,0,30412,0,0,2013-02-12,2013-02-12,NA
"90","19_55665519_G_T","TNNI3",3.61547422970313e-05,0,0,0,0,0,5.2979196835376e-05,9.80392156862745e-05,0,"19",55665519,"rs397516348","G","T","gnomAD Exomes","p.Thr143Asn","p.Thr143Asn","c.428C>A","missense_variant","",9,248930,0,0,0,15482,0,0,0,34526,0,0,0,10070,0,0,0,17974,0,0,0,20970,0,0,6,113252,0,0,0,6056,0,0,3,30600,0,0,2013-02-15,2013-02-15,NA
"91","11_47367757_C_A","MYBPC3",4.01906645124471e-06,0,0,0,0,0,8.87531951150241e-06,0,0,"11",47367757,"rs727504269","C","A","gnomAD Exomes","c.1090+1G>T","","c.1090+1G>T","splice_donor_variant","",1,248814,0,0,0,15492,0,0,0,34476,0,0,0,10030,0,0,0,17970,0,0,0,21540,0,0,1,112672,0,0,0,6040,0,0,0,30594,0,0,2013-03-04,2013-03-04,NA
"92","11_47354163_G_A","MYBPC3",0.000104416831993317,0,0.00069589422407794,0,0,0,8.86351952633352e-06,3.26797385620915e-05,0,"11",47354163,"rs730880594","G","A","gnomAD Exomes","p.Ala1194Val","p.Ala1194Val","c.3581C>T","missense_variant","",26,249002,0,0,0,15474,0,0,24,34488,0,0,0,10056,0,0,0,17972,0,0,0,21540,0,0,1,112822,0,0,0,6050,0,0,1,30600,0,0,2013-03-28,2013-03-28,NA
"93","11_47367930_C_T","MYBPC3",3.18836883050631e-05,0,0,0,0,0,6.49097754121771e-05,NA,0,"11",47367930,"rs397516083","C","T","gnomAD Genomes","c.927-9G>A","","c.927-9G>A","intron_variant","lc_lof,os_lof",1,31364,0,0,0,8700,0,0,0,848,0,0,0,290,0,0,0,1560,0,0,0,3472,0,0,1,15406,0,0,0,1088,0,0,0,0,0,0,2013-04-05,2013-04-05,NA
"94","14_23900635_A_G","MYH7",3.97677563031894e-06,0,0,0,0,0,8.79229091932194e-06,0,0,"14",23900635,"rs397516269","A","G","gnomAD Exomes","p.Ile263Thr","p.Ile263Thr","c.788T>C","missense_variant","segdup",1,251460,0,0,0,16256,0,0,0,34592,0,0,0,10080,0,0,0,18394,0,0,0,21648,0,0,1,113736,0,0,0,6138,0,0,0,30616,0,0,2013-04-09,2013-04-09,NA
"95","14_23897001_C_T","MYH7",2.78347727887261e-05,0,0.000115640358485111,0,0,0,1.75802538588657e-05,3.26626600470342e-05,0,"14",23897001,"rs730880878","C","T","gnomAD Exomes","p.Ala561Thr","p.Ala561Thr","c.1681G>A","missense_variant","segdup",7,251484,0,0,0,16256,0,0,4,34590,0,0,0,10080,0,0,0,18394,0,0,0,21644,0,0,2,113764,0,0,0,6140,0,0,1,30616,0,0,2013-04-14,2013-04-14,NA
"96","3_52486233_C_T","TNNC1",3.18654005480849e-05,0,0,0,0,0,6.4842432888082e-05,NA,0,"3",52486233,"rs397514616","C","T","gnomAD Genomes","p.Ala31Thr","p.Ala31Thr","c.91G>A","missense_variant","",1,31382,0,0,0,8704,0,0,0,848,0,0,0,290,0,0,0,1560,0,0,0,3470,0,0,1,15422,0,0,0,1088,0,0,0,0,0,0,2013-05-15,2013-05-15,NA
"97","14_23892881_G_T","MYH7",7.95260248916458e-06,0,0,0,0,0,1.75802538588657e-05,0,0,"14",23892881,"rs149840927","G","T","gnomAD Exomes","p.Leu992Met","p.Leu992Met","c.2974C>A","missense_variant","segdup",2,251490,0,0,0,16256,0,0,0,34592,0,0,0,10080,0,0,0,18394,0,0,0,21648,0,0,2,113764,0,0,0,6140,0,0,0,30616,0,0,2013-06-04,2013-06-04,NA
"98","14_23900999_G_A","MYH7",2.12107071649769e-05,4.00608925566862e-05,0,0,5.01152651097524e-05,0,7.74065702696845e-06,9.79879801411027e-05,0,"14",23900999,"rs397516259","G","A","gnomAD Exomes,gnomAD Genomes","p.Arg204Cys","p.Arg204Cys","c.610C>T","missense_variant","segdup",6,282876,0,0,1,24962,0,0,0,35440,0,0,0,10370,0,0,1,19954,0,0,0,25122,0,0,1,129188,0,0,0,7224,0,0,3,30616,0,0,2013-06-07,2013-06-07,NA
"99","11_47364269_C_T","MYBPC3",2.40782060131306e-05,0,0,0,5.56359185490152e-05,0,4.4257970860552e-05,0,0,"11",47364269,"rs200411226","C","T","gnomAD Exomes","p.Arg495Gln","p.Arg495Gln","c.1484G>A","missense_variant","",6,249188,0,0,0,15486,0,0,0,34506,0,0,0,10048,0,0,1,17974,0,0,0,21548,0,0,5,112974,0,0,0,6052,0,0,0,30600,0,0,2013-06-24,2013-06-24,NA
"100","14_23884434_C_T","MYH7",7.42338011241119e-05,4.0048057669203e-05,2.82167042889391e-05,0,0.000100230530219505,0,0.000131589132285781,0,0,"14",23884434,"rs200939753","C","T","gnomAD Exomes,gnomAD Genomes","p.Ala1777Thr","p.Ala1777Thr","c.5329G>A","missense_variant","segdup",21,282890,0,0,1,24970,0,0,1,35440,0,0,0,10370,0,0,2,19954,0,0,0,25122,0,0,17,129190,0,0,0,7228,0,0,0,30616,0,0,2013-06-24,2013-06-24,NA
"101","14_23883310_G_A","MYH7",2.84499068265551e-05,0,2.82262617138986e-05,0,0,0,5.42299349240781e-05,0,0,"14",23883310,"rs372381770","G","A","gnomAD Exomes,gnomAD Genomes","p.Thr1854Met","p.Thr1854Met","c.5561C>T","missense_variant","segdup",8,281196,0,0,0,24946,0,0,1,35428,0,0,0,10370,0,0,0,19942,0,0,0,23610,0,0,7,129080,0,0,0,7204,0,0,0,30616,0,0,2013-08-07,2013-08-07,NA
"102","14_23898246_C_T","MYH7",1.41402714932127e-05,0,0,0,0,0,3.09607108579213e-05,0,0,"14",23898246,"rs730880870","C","T","gnomAD Exomes,gnomAD Genomes","p.Arg442His","p.Arg442His","c.1325G>A","missense_variant","segdup",4,282880,0,0,0,24960,0,0,0,35440,0,0,0,10368,0,0,0,19952,0,0,0,25124,0,0,4,129196,0,0,0,7226,0,0,0,30614,0,0,2013-10-18,2013-10-18,NA
"103","11_47365119_G_C","MYBPC3",7.70916173009819e-05,0,0.000437113882736916,0,0,0,0,0,0.000666888962987663,"11",47365119,"rs11570077","G","C","gnomAD Exomes","p.Leu383Val","p.Leu383Val","c.1147C>G","missense_variant","",19,246460,1,0,0,15162,0,0,15,34316,1,0,0,9968,0,0,0,17886,0,0,0,21310,0,0,0,111620,0,0,4,5998,0,0,0,30200,0,0,2013-10-21,2013-10-21,NA
"104","14_23891476_C_T","MYH7",6.0099553142146e-05,4.00512656199936e-05,0,0,0,0.000636841267314122,0,0,0,"14",23891476,"rs587782962","C","T","gnomAD Exomes,gnomAD Genomes","p.Arg1053Gln","p.Arg1053Gln","c.3158G>A","missense_variant","segdup",17,282864,0,0,1,24968,0,0,0,35438,0,0,0,10370,0,0,0,19952,0,0,16,25124,0,0,0,129168,0,0,0,7228,0,0,0,30616,0,0,2014-01-19,2014-01-19,NA
"105","14_23896042_C_T","MYH7",1.41421712475516e-05,0,0,0,0,0,3.09669427885732e-05,0,0,"14",23896042,"rs371898076","C","T","gnomAD Exomes,gnomAD Genomes","p.Arg663His","p.Arg663His","c.1988G>A","missense_variant","segdup",4,282842,0,0,0,24956,0,0,0,35436,0,0,0,10370,0,0,0,19950,0,0,0,25122,0,0,4,129170,0,0,0,7222,0,0,0,30616,0,0,2014-02-06,2014-02-06,NA
"106","11_47367764_T_C","MYBPC3",4.0169353996449e-06,0,0,0,0,0,8.86650588735991e-06,0,0,"11",47367764,"rs730880633","T","C","gnomAD Exomes","p.Ser362Gly","p.Ser362Gly","c.1084A>G","missense_variant","",1,248946,0,0,0,15488,0,0,0,34482,0,0,0,10042,0,0,0,17972,0,0,0,21542,0,0,1,112784,0,0,0,6040,0,0,0,30596,0,0,2014-02-09,2014-02-09,NA
"107","14_23884458_G_T","MYH7",2.4744075561337e-05,0,0,0,0,0,4.64425041798254e-05,0,0.000138350857775318,"14",23884458,"rs139222507","G","T","gnomAD Exomes,gnomAD Genomes","p.Leu1769Met","p.Leu1769Met","c.5305C>A","missense_variant","segdup",7,282896,0,0,0,24972,0,0,0,35440,0,0,0,10370,0,0,0,19954,0,0,0,25124,0,0,6,129192,0,0,1,7228,0,0,0,30616,0,0,2014-03-26,2014-03-26,NA
"108","11_47362757_T_A","MYBPC3",4.49171727334795e-06,0,3.15537044048971e-05,0,0,0,0,0,0,"11",47362757,"rs730880554","T","A","gnomAD Exomes","p.Asp610Val","p.Asp610Val","c.1829A>T","missense_variant","",1,222632,0,0,0,13062,0,0,1,31692,0,0,0,9536,0,0,0,16210,0,0,0,19660,0,0,0,99802,0,0,0,5556,0,0,0,27114,0,0,2014-04-01,2014-04-01,NA
"109","X_100653930_T_C","GLA",5.45190871324051e-06,0,0,0,0,0,1.22128454708663e-05,0,0,"X",100653930,"rs28935197","T","C","gnomAD Exomes","p.Asn215Ser","p.Asn215Ser","c.644A>G","missense_variant","",1,183422,0,1,0,13157,0,0,0,27426,0,0,0,7486,0,0,0,13861,0,0,0,16006,0,0,1,81881,0,1,0,4526,0,0,0,19079,0,0,2014-04-02,2014-04-02,NA
"110","14_23902913_C_G","MYH7",2.38824981093022e-05,0,0,0,0,0,4.40350166452363e-05,0,0.000162919517758227,"14",23902913,"rs730880826","C","G","gnomAD Exomes","p.Gly10Ala","p.Gly10Ala","c.29G>C","missense_variant","segdup",6,251230,0,0,0,16256,0,0,0,34578,0,0,0,10068,0,0,0,18388,0,0,0,21642,0,0,5,113546,0,0,1,6138,0,0,0,30614,0,0,2014-04-08,2014-04-08,NA
"111","19_55665514_G_A","TNNI3",1.07056447296111e-05,0,0,0,0,0,7.77375270137906e-06,3.26776027710607e-05,0.000140056022408964,"19",55665514,"rs104894724","G","A","gnomAD Exomes,gnomAD Genomes","p.Arg145Trp","p.Arg145Trp","c.433C>T","missense_variant","",3,280226,0,0,0,24182,0,0,0,35374,0,0,0,10360,0,0,0,19532,0,0,0,24398,0,0,1,128638,0,0,1,7140,0,0,1,30602,0,0,2014-04-08,2014-04-08,NA
"112","19_55665450_G_A","TNNI3",8.03038698434878e-06,0,0,0,0,0,1.7670342097823e-05,0,0,"19",55665450,"rs727504242","G","A","gnomAD Exomes","p.Ser166Phe","p.Ser166Phe","c.497C>T","missense_variant","",2,249054,0,0,0,15470,0,0,0,34526,0,0,0,10068,0,0,0,17978,0,0,0,21166,0,0,2,113184,0,0,0,6060,0,0,0,30602,0,0,2014-04-11,2014-04-11,NA
"113","3_46902289_C_T","MYL3",3.97664911638857e-06,0,0,0,0,0,8.79120879120879e-06,0,0,"3",46902289,"rs730880954","C","T","gnomAD Exomes","p.Asp62Asn","p.Asp62Asn","c.184G>A","missense_variant","",1,251468,0,0,0,16254,0,0,0,34588,0,0,0,10080,0,0,0,18394,0,0,0,21646,0,0,1,113750,0,0,0,6140,0,0,0,30616,0,0,2014-04-18,2014-04-18,NA
"114","14_23894969_C_T","MYH7",3.18532203605785e-05,0,0,0,0,0,6.48088139987038e-05,NA,0,"14",23894969,"rs121913632","C","T","gnomAD Genomes","p.Gly741Arg","p.Gly741Arg","c.2221G>A","missense_variant","segdup",1,31394,0,0,0,8712,0,0,0,846,0,0,0,290,0,0,0,1558,0,0,0,3474,0,0,1,15430,0,0,0,1084,0,0,0,0,0,0,2014-04-22,2014-04-22,NA
"115","14_23894567_G_A","MYH7",3.97655423622323e-06,0,0,0,0,0,8.79105422322245e-06,0,0,"14",23894567,"rs727503258","G","A","gnomAD Exomes","p.Arg783Cys","p.Arg783Cys","c.2347C>T","missense_variant","segdup",1,251474,0,0,0,16256,0,0,0,34590,0,0,0,10080,0,0,0,18394,0,0,0,21648,0,0,1,113752,0,0,0,6140,0,0,0,30614,0,0,2014-05-05,2014-05-05,NA
"116","14_23886078_T_G","MYH7",3.99032744627024e-06,0,2.89301625875137e-05,0,0,0,0,0,0,"14",23886078,"rs730880804","T","G","gnomAD Exomes","p.Glu1548Ala","p.Glu1548Ala","c.4643A>C","missense_variant","segdup",1,250606,0,0,0,16232,0,0,1,34566,0,0,0,10054,0,0,0,18390,0,0,0,21638,0,0,0,112998,0,0,0,6120,0,0,0,30608,0,0,2014-05-07,2014-05-07,NA
"117","10_92672723_G_A","ANKRD1",3.18369945877109e-05,0.000114705207616426,0,0,0,0,0,NA,0,"10",92672723,"rs794728975","G","A","gnomAD Genomes","p.Thr287Met","p.Thr287Met","c.860C>T","missense_variant","",1,31410,0,0,1,8718,0,0,0,848,0,0,0,290,0,0,0,1558,0,0,0,3476,0,0,0,15432,0,0,0,1088,0,0,0,0,0,0,2014-05-09,2014-05-09,NA
"118","14_23884630_C_T","MYH7",4.94902504206671e-05,0,0,0,0,3.9805747950004e-05,9.28850083596508e-05,0,0.000138389150290617,"14",23884630,"rs200303340","C","T","gnomAD Exomes,gnomAD Genomes","p.Cys1748Tyr","p.Cys1748Tyr","c.5243G>A","missense_variant","segdup",14,282884,0,0,0,24966,0,0,0,35438,0,0,0,10370,0,0,0,19954,0,0,1,25122,0,0,12,129192,0,0,1,7226,0,0,0,30616,0,0,2014-05-13,2014-05-13,NA
"119","11_47359010_C_T","MYBPC3",1.43077891604189e-05,8.26241427745187e-05,0,0,0.000102396067990989,0,0,0,0,"11",47359010,"rs730880568","C","T","gnomAD Exomes,gnomAD Genomes","p.Arg845His","p.Arg845His","c.2534G>A","missense_variant","",4,279568,0,0,2,24206,0,0,0,35338,0,0,0,10314,0,0,2,19532,0,0,0,24730,0,0,0,127726,0,0,0,7120,0,0,0,30602,0,0,2014-05-21,2014-05-21,NA
"120","11_47367809_C_T","MYBPC3",1.20551644324429e-05,0,0,0,0,0,2.66108430315072e-05,0,0,"11",47367809,"rs397515884","C","T","gnomAD Exomes","p.Gly347Ser","p.Gly347Ser","c.1039G>A","missense_variant","",3,248856,0,0,0,15486,0,0,0,34476,0,0,0,10040,0,0,0,17968,0,0,0,21530,0,0,3,112736,0,0,0,6042,0,0,0,30578,0,0,2014-05-22,2014-05-22,NA
"121","1_201328348_C_T","TNNT2",6.93592663979908e-05,0,0,0,0.000869921195374066,0,1.59644949632018e-05,0,0,"1",201328348,"rs141121678","C","T","gnomAD Exomes,gnomAD Genomes","p.Arg286His","p.Arg286His","c.857G>A","missense_variant","",19,273936,0,0,0,24214,0,0,0,34676,0,0,0,10122,0,0,17,19542,0,0,0,24260,0,0,2,125278,0,0,0,6996,0,0,0,28848,0,0,2014-06-01,2014-06-01,NA
"122","11_47355161_G_A","MYBPC3",6.59870005608895e-05,0,0,0,0.000668225860340795,0,8.85598398838095e-06,6.53552055421214e-05,0.000166611129623459,"11",47355161,"rs371061770","G","A","gnomAD Exomes","p.Thr1046Met","p.Thr1046Met","c.3137C>T","missense_variant","",16,242472,0,0,0,15496,0,0,0,34498,0,0,0,10054,0,0,12,17958,0,0,0,14944,0,0,1,112918,0,0,1,6002,0,0,2,30602,0,0,2014-06-01,2014-06-01,NA
"123","11_47373058_T_C","MYBPC3",2.74103485813187e-05,0,2.98650101541035e-05,0,0,0,5.18367487991153e-05,0,0,"11",47373058,"rs376395543","T","C","gnomAD Exomes,gnomAD Genomes","c.26-2A>G","","c.26-2A>G","splice_acceptor_variant","",7,255378,0,0,0,22548,0,0,1,33484,0,0,0,8744,0,0,0,19032,0,0,0,22242,0,0,6,115748,0,0,0,6570,0,0,0,27010,0,0,2014-06-01,2014-06-01,NA
"124","14_23894525_C_T","MYH7",2.38598946983314e-05,0.000123031496062992,5.78201792425557e-05,0,0,0,8.79151794348812e-06,3.26626600470342e-05,0,"14",23894525,"rs3218716","C","T","gnomAD Exomes","p.Ala797Thr","p.Ala797Thr","c.2389G>A","missense_variant","segdup",6,251468,0,0,2,16256,0,0,2,34590,0,0,0,10078,0,0,0,18394,0,0,0,21648,0,0,1,113746,0,0,0,6140,0,0,1,30616,0,0,2014-06-01,2014-06-01,NA
"125","3_46902238_C_T","MYL3",2.7836322424146e-05,6.15157480314961e-05,0,0,0,0,5.27444706213299e-05,0,0,"3",46902238,"rs150634297","C","T","gnomAD Exomes","p.Val79Ile","p.Val79Ile","c.235G>A","missense_variant","",7,251470,0,0,1,16256,0,0,0,34584,0,0,0,10080,0,0,0,18390,0,0,0,21648,0,0,6,113756,0,0,0,6140,0,0,0,30616,0,0,2014-06-01,2014-06-01,NA
"126","3_46902279_G_C","MYL3",1.19299473491657e-05,0.000184569952011812,0,0,0,0,0,0,0,"3",46902279,"rs730880955","G","C","gnomAD Exomes","p.Pro65Arg","p.Pro65Arg","c.194C>G","missense_variant","",3,251468,0,0,3,16254,0,0,0,34588,0,0,0,10080,0,0,0,18394,0,0,0,21648,0,0,0,113750,0,0,0,6138,0,0,0,30616,0,0,2014-06-10,2014-06-10,NA
"127","18_3149140_T_G","MYOM1",0.00369166737934377,0.0171971889210418,0.000706813683912921,0,0,0,0.000124569844754831,0.0183792268951534,0.00238095238095238,"18",3149140,"rs77613865","T","G","gnomAD Exomes,gnomAD Genomes","c.1900+3A>C","","c.1900+3A>C","splice_region_variant","",1036,280632,14,0,416,24190,1,0,25,35370,0,0,0,10350,0,0,0,19538,0,0,0,25024,0,0,16,128442,0,0,17,7140,1,0,562,30578,12,0,2014-06-12,2014-06-12,NA
"128","1_201334426_G_A","TNNT2",7.07208577025622e-06,4.00641025641026e-05,0,0,0,0,7.74269476748688e-06,0,0,"1",201334426,"rs397516456","G","A","gnomAD Exomes,gnomAD Genomes","p.Arg92Trp","p.Arg92Trp","c.274C>T","missense_variant","",2,282802,0,0,1,24960,0,0,0,35438,0,0,0,10366,0,0,0,19954,0,0,0,25086,0,0,1,129154,0,0,0,7228,0,0,0,30616,0,0,2014-07-02,2014-07-02,NA
"129","15_63335092_G_A","TPM1",8.11991490329181e-06,6.33151829808788e-05,0,0,5.50782110597048e-05,0,0,0,0,"15",63335092,"rs397516382","G","A","gnomAD Exomes","p.Ala22Thr","p.Ala22Thr","c.64G>A","missense_variant","",2,246308,0,0,1,15794,0,0,0,34266,0,0,0,9996,0,0,1,18156,0,0,0,21320,0,0,0,110334,0,0,0,6042,0,0,0,30400,0,0,2014-07-16,2014-07-16,NA
"130","15_35082635_A_G","ACTC1",3.97639611267516e-06,0,0,0,0,0,8.79059055187327e-06,0,0,"15",35082635,"rs730880407","A","G","gnomAD Exomes","p.Ile371Thr","p.Ile371Thr","c.1112T>C","missense_variant","segdup",1,251484,0,0,0,16256,0,0,0,34592,0,0,0,10080,0,0,0,18394,0,0,0,21648,0,0,1,113758,0,0,0,6140,0,0,0,30616,0,0,2014-07-25,2014-07-25,NA
"131","11_47354483_G_T","MYBPC3",4.1307634477004e-06,6.84275352401807e-05,0,0,0,0,0,0,0,"11",47354483,"rs727504289","G","T","gnomAD Exomes","p.Cys1124Ter","p.Cys1124Ter","c.3372C>A","stop_gained","",1,242086,0,0,1,14614,0,0,0,33708,0,0,0,9866,0,0,0,17636,0,0,0,21124,0,0,0,109754,0,0,0,5902,0,0,0,29482,0,0,2014-08-07,2014-08-07,NA
"132","11_47363612_G_A","MYBPC3",5.26849037487335e-05,0,0,0.000800320128051221,0,0,2.68446767006103e-05,6.60240327479202e-05,0,"11",47363612,"rs61897383","G","A","gnomAD Exomes","p.Arg574Trp","p.Arg574Trp","c.1720C>T","missense_variant","",13,246750,0,0,0,15292,0,0,0,34144,0,0,8,9996,0,0,0,17828,0,0,0,21442,0,0,3,111754,0,0,0,6002,0,0,2,30292,0,0,2014-08-22,2014-08-22,NA
"133","11_47367768_C_G","MYBPC3",4.01712903821897e-06,0,0,0,0,0,8.86619143880555e-06,0,0,"11",47367768,"rs730880632","C","G","gnomAD Exomes","p.Lys360Asn","p.Lys360Asn","c.1080G>C","missense_variant","",1,248934,0,0,0,15484,0,0,0,34480,0,0,0,10042,0,0,0,17968,0,0,0,21540,0,0,1,112788,0,0,0,6040,0,0,0,30592,0,0,2014-08-25,2014-08-25,NA
"134","17_37822067_G_A","TCAP",2.09178764171861e-05,0,5.98802395209581e-05,0,0,0,0,3.37268128161889e-05,0.000340831629175187,"17",37822067,"rs552865793","G","A","gnomAD Exomes","p.Arg70Gln","p.Arg70Gln","c.209G>A","missense_variant","",5,239030,0,0,0,15136,0,0,2,33400,0,0,0,9598,0,0,0,17866,0,0,0,20298,0,0,0,107214,0,0,2,5868,0,0,1,29650,0,0,2014-08-28,2014-08-28,NA
"135","11_47364698_T_C","MYBPC3",3.1855249745158e-05,0,0,0,0.000641025641025641,0,0,NA,0,"11",47364698,"rs730880531","T","C","gnomAD Genomes","c.1227-2A>G","","c.1227-2A>G","splice_acceptor_variant","",1,31392,0,0,0,8708,0,0,0,848,0,0,0,290,0,0,1,1560,0,0,0,3474,0,0,0,15426,0,0,0,1086,0,0,0,0,0,0,2014-09-19,2014-09-19,NA
"136","11_47371375_T_G","MYBPC3",3.6130822482043e-05,0,0,0,0,0,7.86039930828486e-05,0,0,"11",47371375,"rs730880623","T","G","gnomAD Exomes,gnomAD Genomes","p.Lys202Gln","p.Lys202Gln","c.604A>C","missense_variant","",10,276772,0,0,0,23796,0,0,0,35162,0,0,0,10252,0,0,0,19494,0,0,0,23384,0,0,10,127220,0,0,0,7076,0,0,0,30388,0,0,2014-09-19,2014-09-19,NA
"137","14_23896955_T_C","MYH7",1.76767141109673e-05,4.00801603206413e-05,0,0,0,0,3.09640662011735e-05,0,0,"14",23896955,"rs727504238","T","C","gnomAD Exomes,gnomAD Genomes","p.His576Arg","p.His576Arg","c.1727A>G","missense_variant","segdup",5,282858,0,0,1,24950,0,0,0,35438,0,0,0,10370,0,0,0,19952,0,0,0,25124,0,0,4,129182,0,0,0,7226,0,0,0,30616,0,0,2014-09-24,2014-09-24,NA
"138","14_23900998_C_T","MYH7",1.76748395124572e-05,0,0,0,5.01152651097524e-05,0,2.32216115798436e-05,3.26626600470342e-05,0,"14",23900998,"rs397516260","C","T","gnomAD Exomes,gnomAD Genomes","p.Arg204His","p.Arg204His","c.611G>A","missense_variant","segdup",5,282888,0,0,0,24972,0,0,0,35438,0,0,0,10370,0,0,1,19954,0,0,0,25122,0,0,3,129190,0,0,0,7226,0,0,1,30616,0,0,2014-09-24,2014-09-24,NA
"139","11_47359086_G_A","MYBPC3",4.0126800690181e-06,0,2.89687137891078e-05,0,0,0,0,0,0,"11",47359086,"rs775404728","G","A","gnomAD Exomes","p.Arg820Trp","p.Arg820Trp","c.2458C>T","missense_variant","",1,249210,0,0,0,15502,0,0,1,34520,0,0,0,10058,0,0,0,17976,0,0,0,21532,0,0,0,112968,0,0,0,6052,0,0,0,30602,0,0,2014-10-08,2014-10-08,NA
"140","11_47364296_C_G","MYBPC3",4.01806522123467e-06,0,0,0,0,0,0,3.27011118378025e-05,0,"11",47364296,"rs397515903","C","G","gnomAD Exomes","c.1458-1G>C","","c.1458-1G>C","splice_acceptor_variant","",1,248876,0,0,0,15486,0,0,0,34484,0,0,0,10006,0,0,0,17974,0,0,0,21506,0,0,0,112804,0,0,0,6036,0,0,1,30580,0,0,2014-10-08,2014-10-08,NA
"141","11_47362755_C_T","MYBPC3",2.35023149780253e-05,0,0,0,0,0,3.45119152387362e-05,3.66730233240428e-05,0.0001499700059988,"11",47362755,"rs730880555","C","T","gnomAD Exomes,gnomAD Genomes","p.Glu611Lys","p.Glu611Lys","c.1831G>A","missense_variant","",6,255294,0,0,0,21866,0,0,0,32702,0,0,0,9858,0,0,0,17846,0,0,0,23184,0,0,4,115902,0,0,1,6668,0,0,1,27268,0,0,2014-10-09,2014-10-09,NA
"142","11_47363546_C_T","MYBPC3",0.000103163686382393,5.44543672402527e-05,0.000151526630805364,0.00154355016538037,7.41070105231955e-05,0,0,0,0.000170415814587594,"11",47363546,"rs199728019","C","T","gnomAD Exomes,gnomAD Genomes","p.Gly596Arg","p.Gly596Arg","c.1786G>A","missense_variant","",21,203560,0,0,1,18364,0,0,4,26398,0,0,14,9070,0,0,1,13494,0,0,0,21140,0,0,0,85404,0,0,1,5868,0,0,0,23822,0,0,2014-10-31,2014-10-31,NA
"143","11_47353626_G_A","MYBPC3",8.12598527571468e-06,0,2.91732306435615e-05,0,0,0,8.99944203459385e-06,0,0,"11",47353626,"rs397516042","G","A","gnomAD Exomes","p.Arg1271Ter","p.Arg1271Ter","c.3811C>T","stop_gained","",2,246124,0,0,0,15334,0,0,1,34278,0,0,0,9746,0,0,0,17938,0,0,0,21348,0,0,1,111118,0,0,0,5962,0,0,0,30400,0,0,2014-11-12,2014-11-12,NA
"144","1_201334745_T_G","TNNT2",3.98384153871896e-06,0,0,0,0,0,8.80235198845131e-06,0,0,"1",201334745,"rs397516455","T","G","gnomAD Exomes","p.Asp86Ala","p.Asp86Ala","c.257A>C","missense_variant","",1,251014,0,0,0,16194,0,0,0,34542,0,0,0,10070,0,0,0,18390,0,0,0,21558,0,0,1,113606,0,0,0,6130,0,0,0,30524,0,0,2014-11-14,2014-11-14,NA
"145","14_23900811_C_T","MYH7",3.976206381016e-06,0,2.89084181313599e-05,0,0,0,0,0,0,"14",23900811,"rs397516264","C","T","gnomAD Exomes","p.Asp239Asn","p.Asp239Asn","c.715G>A","missense_variant","segdup",1,251496,0,0,0,16256,0,0,1,34592,0,0,0,10080,0,0,0,18394,0,0,0,21648,0,0,0,113770,0,0,0,6140,0,0,0,30616,0,0,2014-12-01,2014-12-01,NA
"146","14_23898247_G_A","MYH7",2.12105572013377e-05,4.00608925566862e-05,0,0,5.01202886928629e-05,0,2.32216115798436e-05,3.26626600470342e-05,0,"14",23898247,"rs148808089","G","A","gnomAD Exomes,gnomAD Genomes","p.Arg442Cys","p.Arg442Cys","c.1324C>T","missense_variant","segdup",6,282878,0,0,1,24962,0,0,0,35440,0,0,0,10370,0,0,1,19952,0,0,0,25122,0,0,3,129190,0,0,0,7226,0,0,1,30616,0,0,2014-01-07,2014-12-09,NA
"147","19_55665525_C_T","TNNI3",3.18775900541919e-05,0.000114810562571757,0,0,0,0,0,NA,0,"19",55665525,"rs397516347","C","T","gnomAD Genomes","p.Arg141Gln","p.Arg141Gln","c.422G>A","missense_variant","",1,31370,0,0,1,8710,0,0,0,848,0,0,0,290,0,0,0,1558,0,0,0,3472,0,0,0,15406,0,0,0,1086,0,0,0,0,0,0,2014-12-12,2014-12-12,NA
"148","14_23894049_G_A","MYH7",2.38621720939851e-05,0,0,9.92260369120857e-05,5.43655539849951e-05,0,2.63782643102084e-05,3.26626600470342e-05,0,"14",23894049,"rs138049878","G","A","gnomAD Exomes","p.Arg870Cys","p.Arg870Cys","c.2608C>T","missense_variant","segdup",6,251444,0,0,0,16256,0,0,0,34590,0,0,1,10078,0,0,1,18394,0,0,0,21644,0,0,3,113730,0,0,0,6136,0,0,1,30616,0,0,2014-06-01,2014-12-23,NA
"149","11_47371575_C_G","MYBPC3",8.94214432620942e-05,0,0.000111723521525398,0,0,0,4.72813238770686e-05,0.000342260631470865,0.000523012552301255,"11",47371575,"rs730880619","C","G","gnomAD Exomes,gnomAD Genomes","p.Glu165Asp","p.Glu165Asp","c.495G>C","missense_variant","",18,201294,1,0,0,17794,0,0,3,26852,0,0,0,8996,0,0,0,13568,0,0,0,20374,0,0,4,84600,0,0,3,5736,0,0,8,23374,1,0,2014-12-26,2014-12-26,NA
"150","11_47355293_C_T","MYBPC3",5.99008640699642e-05,0,0.000115380177685474,0,0,0,8.90717108246421e-05,3.527585720333e-05,0,"11",47355293,"rs727504235","C","T","gnomAD Exomes,gnomAD Genomes","p.Arg1002Gln","p.Arg1002Gln","c.3005G>A","missense_variant","",16,267108,0,0,0,23972,0,0,4,34668,0,0,0,9214,0,0,0,19478,0,0,0,21100,0,0,11,123496,0,0,0,6832,0,0,1,28348,0,0,2014-12-15,2015-01-26,NA
"151","14_23884311_G_A","MYH7",7.95563935495676e-06,0,5.78235226089973e-05,0,0,0,0,0,0,"14",23884311,"rs763073072","G","A","gnomAD Exomes","p.Arg1818Trp","p.Arg1818Trp","c.5452C>T","missense_variant","segdup",2,251394,0,0,0,16256,0,0,2,34588,0,0,0,10080,0,0,0,18394,0,0,0,21576,0,0,0,113744,0,0,0,6140,0,0,0,30616,0,0,2012-05-30,2015-01-28,NA
"152","12_111358330_C_A","MYL2",3.97731340434164e-06,0,0,0,0,0,8.79399194470338e-06,0,0,"12",111358330,"rs730880948","C","A","gnomAD Exomes","c.3+1G>T","","c.3+1G>T","splice_donor_variant","",1,251426,0,0,0,16256,0,0,0,34592,0,0,0,10078,0,0,0,18394,0,0,0,21638,0,0,1,113714,0,0,0,6138,0,0,0,30616,0,0,2015-02-28,2015-02-28,NA
"153","1_201334409_C_A","TNNT2",3.97639611267516e-06,0,0,0,0,0,8.79043600562588e-06,0,0,"1",201334409,"rs397516459","C","A","gnomAD Exomes","p.Lys97Asn","p.Lys97Asn","c.291G>T","missense_variant","",1,251484,0,0,0,16256,0,0,0,34592,0,0,0,10080,0,0,0,18394,0,0,0,21646,0,0,1,113760,0,0,0,6140,0,0,0,30616,0,0,2015-03-11,2015-03-11,NA
"154","14_23901923_G_A","MYH7",2.78352155240973e-05,0,0,0,0.00010873110796999,0,3.51635986426851e-05,3.26626600470342e-05,0,"14",23901923,"rs727503278","G","A","gnomAD Exomes","p.Arg143Trp","p.Arg143Trp","c.427C>T","missense_variant","segdup",7,251480,0,0,0,16256,0,0,0,34592,0,0,0,10080,0,0,2,18394,0,0,0,21648,0,0,4,113754,0,0,0,6140,0,0,1,30616,0,0,2015-03-20,2015-03-20,NA
"155","11_47359273_G_A","MYBPC3",0.000136458891758858,0,3.70260663507109e-05,0,0,0,8.08799741184083e-05,0.000789102084890772,0.000172950536146662,"11",47359273,"rs730880565","G","A","gnomAD Exomes,gnomAD Genomes","p.Pro794Leu","p.Pro794Leu","c.2381C>T","missense_variant","",28,205190,0,0,0,17992,0,0,1,27008,0,0,0,9012,0,0,0,13758,0,0,0,21012,0,0,7,86548,0,0,1,5782,0,0,19,24078,0,0,2015-03-26,2015-03-26,NA
"156","11_19207813_G_A","CSRP3",1.19352631327679e-05,0.000123031496062992,0,0,0,0,0,3.26626600470342e-05,0,"11",19207813,"rs902082118","G","A","gnomAD Exomes","p.Arg122Ter","p.Arg122Ter","c.364C>T","stop_gained","",3,251356,0,0,2,16256,0,0,0,34592,0,0,0,10074,0,0,0,18394,0,0,0,21648,0,0,0,113642,0,0,0,6134,0,0,1,30616,0,0,2015-04-02,2015-04-02,NA
"157","11_47364125_T_A","MYBPC3",1.33404482390608e-05,6.66045024643666e-05,0,0,0,0,1.97382705327359e-05,0,0,"11",47364125,"rs397515916","T","A","gnomAD Exomes","c.1624+4A>T","","c.1624+4A>T","splice_region_variant","",3,224880,0,0,1,15014,0,0,0,32286,0,0,0,8136,0,0,0,17510,0,0,0,19036,0,0,2,101326,0,0,0,5482,0,0,0,26090,0,0,2015-04-17,2015-04-17,NA
"158","11_47359343_C_T","MYBPC3",3.9595074372748e-05,0.000133689839572193,0.000121723606264708,0,0,0,1.76043940567566e-05,0,0.000230202578268877,"11",47359343,"rs371488302","C","T","gnomAD Exomes","p.Val771Met","p.Val771Met","c.2311G>A","missense_variant","",6,151534,0,0,1,7480,0,0,3,24646,0,0,0,8406,0,0,0,10870,0,0,0,16220,0,0,1,56804,0,0,1,4344,0,0,0,22764,0,0,2014-06-01,2015-05-15,NA
"159","14_23901922_C_T","MYH7",3.97652261050756e-06,0,0,0,0,0,8.79120879120879e-06,0,0,"14",23901922,"rs397516209","C","T","gnomAD Exomes","p.Arg143Gln","p.Arg143Gln","c.428G>A","missense_variant","segdup",1,251476,0,0,0,16256,0,0,0,34592,0,0,0,10080,0,0,0,18394,0,0,0,21648,0,0,1,113750,0,0,0,6140,0,0,0,30616,0,0,2015-05-18,2015-05-18,NA
"160","14_23887458_G_A","MYH7",3.97652261050756e-06,0,0,0,0,0,8.79089966067127e-06,0,0,"14",23887458,"rs397516201","G","A","gnomAD Exomes","p.Thr1377Met","p.Thr1377Met","c.4130C>T","missense_variant","segdup",1,251476,0,0,0,16254,0,0,0,34592,0,0,0,10078,0,0,0,18394,0,0,0,21648,0,0,1,113754,0,0,0,6140,0,0,0,30616,0,0,2015-05-21,2015-05-21,NA
"161","14_23862646_C_A","MYH6",0.000965066706259147,0.000200240288346015,0.00211637225577064,0,0,0.000437828371278459,0.00133145484665046,0,0.00138350857775318,"14",23862646,"rs143978652","C","A","gnomAD Exomes,gnomAD Genomes","p.Ala1004Ser","p.Ala1004Ser","c.3010G>T","missense_variant","segdup",273,282882,0,0,5,24970,0,0,75,35438,0,0,0,10370,0,0,0,19954,0,0,11,25124,0,0,172,129182,0,0,10,7228,0,0,0,30616,0,0,2015-05-29,2015-05-29,NA
"162","11_47354740_C_G","MYBPC3",2.70897832817337e-05,0.000313339301700985,0,0,0,0,0,0,0,"11",47354740,"rs373746463","C","G","gnomAD Exomes,gnomAD Genomes","c.3330+5G>C","","c.3330+5G>C","splice_region_variant","lc_lof,os_lof",7,258400,0,0,7,22340,0,0,0,33348,0,0,0,9760,0,0,0,18538,0,0,0,22994,0,0,0,117072,0,0,0,6674,0,0,0,27674,0,0,2015-06-18,2015-06-18,NA
"163","11_47368981_T_A","MYBPC3",4.8075074035614e-06,0,3.37769371073431e-05,0,0,0,0,0,0,"11",47368981,"rs730880629","T","A","gnomAD Exomes","p.Lys301Ter","p.Lys301Ter","c.901A>T","stop_gained","",1,208008,0,0,0,12118,0,0,1,29606,0,0,0,9212,0,0,0,15092,0,0,0,19378,0,0,0,91856,0,0,0,5390,0,0,0,25356,0,0,2015-07-16,2015-07-16,NA
"164","19_55665462_C_T","TNNI3",4.01558045215436e-05,0,2.89670355135855e-05,0,5.56235398820781e-05,0,5.30166472272294e-05,6.53552055421214e-05,0,"19",55665462,"rs397516354","C","T","gnomAD Exomes","p.Arg162Gln","p.Arg162Gln","c.485G>A","missense_variant","",10,249030,0,0,0,15458,0,0,1,34522,0,0,0,10068,0,0,1,17978,0,0,0,21174,0,0,6,113172,0,0,0,6056,0,0,2,30602,0,0,2015-07-24,2015-07-24,NA
"165","11_47360200_C_T","MYBPC3",6.80393912264996e-05,8.3049580599618e-05,0.000141868119396209,0,0,0,9.40424131283209e-05,0,0,"11",47360200,"rs564378953","C","T","gnomAD Exomes,gnomAD Genomes","p.Val727Met","p.Val727Met","c.2179G>A","missense_variant","",19,279250,0,0,2,24082,0,0,5,35244,0,0,0,10294,0,0,0,19518,0,0,0,24886,0,0,12,127602,0,0,0,7112,0,0,0,30512,0,0,2015-07-30,2015-07-30,NA
"166","11_47362758_C_G","MYBPC3",3.15052416845853e-05,0,0,0,0,8.64453665283541e-05,5.20896636744049e-05,0,0,"11",47362758,"rs371564200","C","G","gnomAD Exomes,gnomAD Genomes","p.Asp610His","p.Asp610His","c.1828G>C","missense_variant","",8,253926,0,0,0,21770,0,0,0,32516,0,0,0,9830,0,0,0,17750,0,0,2,23136,0,0,6,115186,0,0,0,6630,0,0,0,27108,0,0,2015-07-31,2015-07-31,NA
"167","11_47369975_C_T","MYBPC3",2.19852698691876e-05,8.51136266916333e-05,0,0,0,0,3.21610626015084e-05,0,0,"11",47369975,"rs397516074","C","T","gnomAD Exomes,gnomAD Genomes","p.Glu258Lys","p.Glu258Lys","c.772G>A","missense_variant","lc_lof,os_lof",6,272910,0,0,2,23498,0,0,0,34556,0,0,0,10136,0,0,0,19108,0,0,0,24518,0,0,4,124374,0,0,0,6978,0,0,0,29742,0,0,2015-09-07,2015-09-07,NA
"168","11_47360071_C_T","MYBPC3",1.60566478536276e-05,0,8.69262865090403e-05,0,0,0,8.85661146045523e-06,0,0,"11",47360071,"rs36211723","C","T","gnomAD Exomes","p.Asp770Asn","p.Asp770Asn","c.2308G>A","missense_variant","lc_lof,os_lof",4,249118,0,0,0,15484,0,0,3,34512,0,0,0,10058,0,0,0,17976,0,0,0,21532,0,0,1,112910,0,0,0,6044,0,0,0,30602,0,0,2015-09-21,2015-09-21,NA
"169","11_47371589_G_A","MYBPC3",5.81111550173171e-06,0,0,0,0,0,1.42069670966642e-05,0,0,"11",47371589,"rs397516053","G","A","gnomAD Exomes","p.Pro161Ser","p.Pro161Ser","c.481C>T","missense_variant","",1,172084,0,0,0,9222,0,0,0,26330,0,0,0,8748,0,0,0,12208,0,0,0,17036,0,0,1,70388,0,0,0,4682,0,0,0,23470,0,0,2015-09-21,2015-09-21,NA
"170","11_47371628_C_T","MYBPC3",6.47836227001814e-05,0,0,0,0,0,0.000154879908501716,0,0,"11",47371628,"rs397516050","C","T","gnomAD Exomes,gnomAD Genomes","p.Gly148Arg","p.Gly148Arg","c.442G>A","missense_variant","",13,200668,0,0,0,17766,0,0,0,26774,0,0,0,8980,0,0,0,13644,0,0,0,20518,0,0,13,83936,0,0,0,5728,0,0,0,23322,0,0,2015-09-21,2015-09-21,NA
"171","14_23894013_G_C","MYH7",3.18694626808592e-05,0,0,0,0,0,6.48592554157478e-05,NA,0,"14",23894013,"rs397516160","G","C","gnomAD Genomes","p.Gln882Glu","p.Gln882Glu","c.2644C>G","missense_variant","segdup",1,31378,0,0,0,8710,0,0,0,848,0,0,0,290,0,0,0,1560,0,0,0,3468,0,0,1,15418,0,0,0,1084,0,0,0,0,0,0,2015-09-21,2015-09-21,NA
"172","3_8787374_G_T","CAV3",2.12324743617872e-05,0.000240365355340117,0,0,0,0,0,0,0,"3",8787374,"rs28936686","G","T","gnomAD Exomes,gnomAD Genomes","p.Ala93Ser","p.Ala93Ser","c.277G>T","missense_variant","",6,282586,0,0,6,24962,0,0,0,35416,0,0,0,10362,0,0,0,19948,0,0,0,25044,0,0,0,129040,0,0,0,7220,0,0,0,30594,0,0,2015-09-22,2015-09-22,NA
"173","15_63354418_C_T","TPM1",3.97978270386437e-06,0,0,0,0,0,8.8056074107992e-06,0,0,"15",63354418,"rs199476316","C","T","gnomAD Exomes","p.Ser215Leu","p.Ser215Leu","c.644C>T","missense_variant","",1,251270,0,0,0,16256,0,0,0,34592,0,0,0,10072,0,0,0,18394,0,0,0,21644,0,0,1,113564,0,0,0,6132,0,0,0,30616,0,0,2012-04-16,2015-09-28,NA
"174","14_23886394_T_G","MYH7",1.76758392488475e-05,0,0,0,0,0,3.87044835273718e-05,0,0,"14",23886394,"rs397516218","T","G","gnomAD Exomes,gnomAD Genomes","p.Glu1496Ala","p.Glu1496Ala","c.4487A>C","missense_variant","segdup",5,282872,0,0,0,24966,0,0,0,35438,0,0,0,10370,0,0,0,19952,0,0,0,25122,0,0,5,129184,0,0,0,7224,0,0,0,30616,0,0,2015-09-30,2015-09-30,NA
"175","11_47354131_G_A","MYBPC3",4.02625115754721e-06,0,0,0,0,0,8.89695546184096e-06,0,0,"11",47354131,"rs727503171","G","A","gnomAD Exomes","p.Arg1205Trp","p.Arg1205Trp","c.3613C>T","missense_variant","",1,248370,0,0,0,15466,0,0,0,34442,0,0,0,10006,0,0,0,17968,0,0,0,21512,0,0,1,112398,0,0,0,6022,0,0,0,30556,0,0,2014-11-10,2015-10-09,NA
"176","11_19204266_G_A","CSRP3",3.18182541323958e-05,0.00030757874015748,8.67252543940796e-05,0,0,0,0,0,0,"11",19204266,"rs142019584","G","A","gnomAD Exomes","p.Thr179Met","p.Thr179Met","c.536C>T","missense_variant","",8,251428,0,0,5,16256,0,0,3,34592,0,0,0,10076,0,0,0,18392,0,0,0,21648,0,0,0,113712,0,0,0,6136,0,0,0,30616,0,0,2015-10-30,2015-10-30,NA
"177","11_47355233_C_G","MYBPC3",2.51746038596264e-05,4.13599139713789e-05,0,0,0,0,4.69388074413656e-05,0,0,"11",47355233,"rs397516000","C","G","gnomAD Exomes,gnomAD Genomes","p.Arg1022Pro","p.Arg1022Pro","c.3065G>C","missense_variant","",7,278058,0,0,1,24178,0,0,0,35308,0,0,0,10258,0,0,0,19526,0,0,0,23322,0,0,6,127826,0,0,0,7088,0,0,0,30552,0,0,2015-10-30,2015-10-30,NA
"178","11_47359115_C_T","MYBPC3",4.81571850520098e-05,0,2.89754288363468e-05,0,0,0,9.73589180768958e-05,0,0,"11",47359115,"rs375675796","C","T","gnomAD Exomes","p.Arg810His","p.Arg810His","c.2429G>A","missense_variant","",12,249184,0,0,0,15488,0,0,1,34512,0,0,0,10054,0,0,0,17976,0,0,0,21522,0,0,11,112984,0,0,0,6052,0,0,0,30596,0,0,2014-06-01,2015-10-30,NA
"179","11_47371339_C_T","MYBPC3",3.29663084327817e-05,0.000210508588750421,0,0,0,0,1.5757709459353e-05,6.60589245607082e-05,0,"11",47371339,"rs769167548","C","T","gnomAD Exomes,gnomAD Genomes","p.Asp214Asn","p.Asp214Asn","c.640G>A","missense_variant","",9,273006,0,0,5,23752,0,0,0,35178,0,0,0,10226,0,0,0,19478,0,0,0,20130,0,0,2,126922,0,0,0,7044,0,0,2,30276,0,0,2015-10-30,2015-10-30,NA
"180","11_47372859_C_T","MYBPC3",1.75033256318701e-05,0,0,0,0,0,3.96251461177263e-05,0,0,"11",47372859,"rs375471260","C","T","gnomAD Exomes,gnomAD Genomes","p.Asp75Asn","p.Asp75Asn","c.223G>A","missense_variant","",4,228528,0,0,0,19740,0,0,0,29656,0,0,0,9314,0,0,0,15534,0,0,0,21758,0,0,4,100946,0,0,0,6218,0,0,0,25362,0,0,2014-06-01,2015-10-30,NA
"181","14_23884341_C_T","MYH7",3.57901266970485e-05,6.15157480314961e-05,0,0,0,0,3.51635986426851e-05,0.000130650640188137,0,"14",23884341,"rs369940645","C","T","gnomAD Exomes","p.Gly1808Ser","p.Gly1808Ser","c.5422G>A","missense_variant","segdup",9,251466,0,0,1,16256,0,0,0,34590,0,0,0,10080,0,0,0,18394,0,0,0,21636,0,0,4,113754,0,0,0,6140,0,0,4,30616,0,0,2015-10-30,2015-10-30,NA
"182","14_23885003_G_T","MYH7",1.19315605685786e-05,0,2.89100896212778e-05,0,0,0,1.75870559268378e-05,0,0,"14",23885003,"rs763538103","G","T","gnomAD Exomes","p.Asn1664Lys","p.Asn1664Lys","c.4992C>A","missense_variant","segdup",3,251434,0,0,0,16256,0,0,1,34590,0,0,0,10080,0,0,0,18394,0,0,0,21644,0,0,2,113720,0,0,0,6134,0,0,0,30616,0,0,2015-10-30,2015-10-30,NA
"183","14_23885349_C_T","MYH7",3.88868463474646e-05,0,5.64334085778781e-05,0,0,0,6.96648347395309e-05,0,0,"14",23885349,"rs373514686","C","T","gnomAD Exomes,gnomAD Genomes","p.Arg1606His","p.Arg1606His","c.4817G>A","missense_variant","segdup",11,282872,0,0,0,24960,0,0,2,35440,0,0,0,10370,0,0,0,19954,0,0,0,25114,0,0,9,129190,0,0,0,7228,0,0,0,30616,0,0,2015-10-30,2015-10-30,NA
"184","14_23886150_T_C","MYH7",3.97639611267516e-06,0,0,0,0,0,8.79059055187327e-06,0,0,"14",23886150,"rs767148171","T","C","gnomAD Exomes","p.His1524Arg","p.His1524Arg","c.4571A>G","missense_variant","segdup",1,251484,0,0,0,16256,0,0,0,34592,0,0,0,10080,0,0,0,18394,0,0,0,21648,0,0,1,113758,0,0,0,6140,0,0,0,30616,0,0,2015-10-30,2015-10-30,NA
"185","14_23889135_C_G","MYH7",3.98419073117868e-06,0,0,0,0,0,8.82487909915634e-06,0,0,"14",23889135,"rs863225096","C","G","gnomAD Exomes","p.Gln1215His","p.Gln1215His","c.3645G>C","missense_variant","segdup",1,250992,0,0,0,16238,0,0,0,34590,0,0,0,10074,0,0,0,18390,0,0,0,21646,0,0,1,113316,0,0,0,6122,0,0,0,30616,0,0,2015-10-30,2015-10-30,NA
"186","14_23894085_G_A","MYH7",1.19311809482903e-05,6.15157480314961e-05,0,0,0,0,1.75855095401389e-05,0,0,"14",23894085,"rs2754158","G","A","gnomAD Exomes","p.Arg858Cys","p.Arg858Cys","c.2572C>T","missense_variant","segdup",3,251442,0,0,1,16256,0,0,0,34590,0,0,0,10078,0,0,0,18394,0,0,0,21642,0,0,2,113730,0,0,0,6136,0,0,0,30616,0,0,2015-10-30,2015-10-30,NA
"187","14_23894102_A_G","MYH7",3.18654005480849e-05,0,0,0,0,0,6.48508430609598e-05,NA,0,"14",23894102,"rs397516157","A","G","gnomAD Genomes","p.Met852Thr","p.Met852Thr","c.2555T>C","missense_variant","segdup",1,31382,0,0,0,8704,0,0,0,848,0,0,0,290,0,0,0,1560,0,0,0,3472,0,0,1,15420,0,0,0,1088,0,0,0,0,0,0,2015-10-30,2015-10-30,NA
"188","15_35085619_T_C","ACTC1",3.97630124458229e-06,0,2.89084181313599e-05,0,0,0,0,0,0,"15",35085619,"rs767734253","T","C","gnomAD Exomes","p.Asn94Ser","p.Asn94Ser","c.281A>G","missense_variant","segdup",1,251490,0,0,0,16256,0,0,1,34592,0,0,0,10078,0,0,0,18394,0,0,0,21648,0,0,0,113766,0,0,0,6140,0,0,0,30616,0,0,2015-10-30,2015-10-30,NA
"189","15_63335090_G_T","TPM1",2.02583342787223e-05,0,0.000145704627578972,0,0,0,0,0,0,"15",63335090,"rs730881151","G","T","gnomAD Exomes","p.Arg21Leu","p.Arg21Leu","c.62G>T","missense_variant","",5,246812,0,0,0,15844,0,0,5,34316,0,0,0,10006,0,0,0,18186,0,0,0,21362,0,0,0,110602,0,0,0,6054,0,0,0,30442,0,0,2015-10-30,2015-10-30,NA
"190","11_47353674_C_T","MYBPC3",6.77777460688907e-05,0,0.000282885431400283,0,0,0,7.01918577445016e-05,0,0,"11",47353674,"rs727503167","C","T","gnomAD Exomes,gnomAD Genomes","p.Ala1255Thr","p.Ala1255Thr","c.3763G>A","missense_variant","",19,280328,0,0,0,24178,0,0,10,35350,0,0,0,10320,0,0,0,19528,0,0,0,25016,0,0,9,128220,0,0,0,7120,0,0,0,30596,0,0,2015-11-02,2015-11-02,NA
"191","11_47355106_A_C","MYBPC3",8.36743061308164e-06,0,0,0,0,0,1.77686170685336e-05,0,0,"11",47355106,"rs113358486","A","C","gnomAD Exomes","c.3190+2T>G","","c.3190+2T>G","splice_donor_variant","",2,239022,0,0,0,15416,0,0,0,34470,0,0,0,10036,0,0,0,17926,0,0,0,12042,0,0,2,112558,0,0,0,5978,0,0,0,30596,0,0,2015-11-06,2015-11-06,NA
"192","19_55665513_C_T","TNNI3",1.60652893358609e-05,0,5.79307148650214e-05,0,0.00011127183709803,0,0,0,0,"19",55665513,"rs397516349","C","T","gnomAD Exomes","p.Arg145Gln","p.Arg145Gln","c.434G>A","missense_variant","",4,248984,0,0,0,15482,0,0,2,34524,0,0,0,10070,0,0,2,17974,0,0,0,21024,0,0,0,113250,0,0,0,6058,0,0,0,30602,0,0,2015-12-01,2015-12-01,NA
"193","11_47372876_C_T","MYBPC3",2.34060481228349e-05,0,0,0,0,0,4.22466783549143e-05,3.75093773443361e-05,0,"11",47372876,"rs397515945","C","T","gnomAD Exomes","p.Arg69Gln","p.Arg69Gln","c.206G>A","missense_variant","",5,213620,0,0,0,12132,0,0,0,30986,0,0,0,9294,0,0,0,15340,0,0,0,19118,0,0,4,94682,0,0,0,5408,0,0,1,26660,0,0,2015-12-03,2015-12-03,NA
"194","11_47354526_T_G","MYBPC3",8.42105263157895e-06,0.000140745953553835,0,0,0,0,0,0,0,"11",47354526,"rs869025469","T","G","gnomAD Exomes","c.3331-2A>C","","c.3331-2A>C","splice_acceptor_variant","lof_flag",2,237500,0,0,2,14210,0,0,0,33378,0,0,0,9668,0,0,0,17508,0,0,0,20720,0,0,0,107110,0,0,0,5816,0,0,0,29090,0,0,2015-12-07,2015-12-07,NA
"195","20_42747220_C_A","JPH2",1.77694379882153e-05,0,0,0,0,0,3.87344674785411e-05,0,0,"20",42747220,"rs557878787","C","A","gnomAD Exomes,gnomAD Genomes","p.Ala405Ser","p.Ala405Ser","c.1213G>T","missense_variant","",5,281382,0,0,0,24958,0,0,0,35438,0,0,0,10360,0,0,0,19946,0,0,0,23770,0,0,5,129084,0,0,0,7212,0,0,0,30614,0,0,2016-02-19,2016-02-19,NA
"196","11_47364301_C_T","MYBPC3",4.02356197894872e-05,0,2.90073678714393e-05,0,5.56421099488093e-05,0,5.32632625523755e-05,6.55694708543702e-05,0,"11",47364301,"rs375347534","C","T","gnomAD Exomes","c.1458-6G>A","","c.1458-6G>A","splice_region_variant","",10,248536,0,0,0,15446,0,0,1,34474,0,0,0,9990,0,0,1,17972,0,0,0,21478,0,0,6,112648,0,0,0,6026,0,0,2,30502,0,0,2011-03-24,2016-04-04,NA
"197","14_23894051_C_T","MYH7",2.38625517021954e-05,0.000123046634674542,0,0,0,0,3.51716375914463e-05,0,0,"14",23894051,"rs202141173","C","T","gnomAD Exomes","p.Arg869His","p.Arg869His","c.2606G>A","missense_variant","segdup",6,251440,0,0,2,16254,0,0,0,34592,0,0,0,10078,0,0,0,18394,0,0,0,21644,0,0,4,113728,0,0,0,6134,0,0,0,30616,0,0,2016-04-25,2016-04-25,NA
"198","14_23900793_C_T","MYH7",3.97630124458229e-06,0,0,0,5.43655539849951e-05,0,0,0,0,"14",23900793,"rs730880850","C","T","gnomAD Exomes","c.732+1G>A","","c.732+1G>A","splice_donor_variant","segdup",1,251490,0,0,0,16256,0,0,0,34592,0,0,0,10080,0,0,1,18394,0,0,0,21648,0,0,0,113764,0,0,0,6140,0,0,0,30616,0,0,2016-08-14,2016-08-14,NA
"199","12_111350901_T_G","MYL2",0.000201537340979966,0.000160346348111922,0.000225759115024269,0,0,0,0.000348394289430491,0,0,"12",111350901,"rs143139258","T","G","gnomAD Exomes,gnomAD Genomes","p.Glu134Ala","p.Glu134Ala","c.401A>C","missense_variant","",57,282826,0,0,4,24946,0,0,8,35436,0,0,0,10370,0,0,0,19950,0,0,0,25118,0,0,45,129164,0,0,0,7226,0,0,0,30616,0,0,2016-01-20,2016-10-01,NA
"200","14_23886807_G_A","MYH7",7.95304522101513e-06,0,0,0,0,0,1.758149020711e-05,0,0,"14",23886807,"rs145213771","G","A","gnomAD Exomes","p.Arg1420Trp","p.Arg1420Trp","c.4258C>T","missense_variant","segdup",2,251476,0,0,0,16256,0,0,0,34592,0,0,0,10080,0,0,0,18394,0,0,0,21644,0,0,2,113756,0,0,0,6138,0,0,0,30616,0,0,2014-06-01,2016-12-15,NA
"201","14_23891501_G_A","MYH7",2.82835425136998e-05,0,0,9.64506172839506e-05,5.01152651097524e-05,0,3.87092778397126e-05,3.26626600470342e-05,0,"14",23891501,"rs45611033","G","A","gnomAD Exomes,gnomAD Genomes","p.Arg1045Cys","p.Arg1045Cys","c.3133C>T","missense_variant","segdup",8,282850,0,0,0,24960,0,0,0,35434,0,0,1,10368,0,0,1,19954,0,0,0,25122,0,0,5,129168,0,0,0,7228,0,0,1,30616,0,0,2016-12-15,2016-12-15,NA
"202","2_179452435_G_A","TTN",1.07496828843549e-05,4.13838768415825e-05,2.83591401508706e-05,0,0,0,0,3.27096689781499e-05,0,"2",179452435,"rs764243269","G","A","gnomAD Exomes,gnomAD Genomes","p.Arg21201Ter","p.Arg21201Ter","c.63601C>T","stop_gained","",3,279078,0,0,1,24164,0,0,1,35262,0,0,0,10304,0,0,0,19258,0,0,0,24944,0,0,0,127492,0,0,0,7082,0,0,1,30572,0,0,2016-12-16,2016-12-16,NA
"203","14_23894566_C_T","MYH7",2.12119069504348e-05,4.00544740847553e-05,0,0,0,0,3.09669427885732e-05,3.26626600470342e-05,0,"14",23894566,"rs397516142","C","T","gnomAD Exomes,gnomAD Genomes","p.Arg783His","p.Arg783His","c.2348G>A","missense_variant","segdup",6,282860,0,0,1,24966,0,0,0,35438,0,0,0,10370,0,0,0,19954,0,0,0,25122,0,0,4,129170,0,0,0,7224,0,0,1,30616,0,0,2017-01-24,2017-01-24,NA
"204","19_55665463_G_A","TNNI3",4.01606425702811e-05,0,2.89653574325107e-05,0,0.000166870619646234,0,2.65059815164956e-05,9.80328083131821e-05,0,"19",55665463,"rs368861241","G","A","gnomAD Exomes","p.Arg162Trp","p.Arg162Trp","c.484C>T","missense_variant","",10,249000,0,0,0,15466,0,0,1,34524,0,0,0,10068,0,0,3,17978,0,0,0,21126,0,0,3,113182,0,0,0,6054,0,0,3,30602,0,0,2014-06-01,2017-02-02,NA
"205","11_47364270_G_C","MYBPC3",4.01274447645723e-06,0,0,0,0,0,8.85034073811842e-06,0,0,"11",47364270,"rs397515905","G","C","gnomAD Exomes","p.Arg495Gly","p.Arg495Gly","c.1483C>G","missense_variant","",1,249206,0,0,0,15484,0,0,0,34510,0,0,0,10050,0,0,0,17974,0,0,0,21544,0,0,1,112990,0,0,0,6052,0,0,0,30602,0,0,2017-02-06,2017-02-06,NA
"206","11_47363542_C_T","MYBPC3",2.99609309460464e-05,0,0.000119047619047619,0,0,0,0,8.56017805170347e-05,0,"11",47363542,"rs727503195","C","T","gnomAD Exomes","p.Arg597Gln","p.Arg597Gln","c.1790G>A","missense_variant","",5,166884,0,0,0,9216,0,0,3,25200,0,0,0,8680,0,0,0,11578,0,0,0,17430,0,0,0,66738,0,0,0,4678,0,0,2,23364,0,0,2017-02-09,2017-02-09,NA
"207","3_46902303_G_C","MYL3",7.15791148049469e-05,6.15233173372708e-05,0,0,0.000271827769924976,0,0.000105494505494505,0,0,"3",46902303,"rs139794067","G","C","gnomAD Exomes","p.Ala57Gly","p.Ala57Gly","c.170C>G","missense_variant","",18,251470,0,0,1,16254,0,0,0,34588,0,0,0,10080,0,0,5,18394,0,0,0,21648,0,0,12,113750,0,0,0,6140,0,0,0,30616,0,0,2017-02-09,2017-02-09,NA
"208","11_47370000_G_T","MYBPC3",3.18532203605785e-05,0,0,0,0,0,6.48340248962656e-05,NA,0,"11",47370000,"rs771929829","G","T","gnomAD Genomes","p.Cys249Ter","p.Cys249Ter","c.747C>A","stop_gained","",1,31394,0,0,0,8716,0,0,0,848,0,0,0,290,0,0,0,1560,0,0,0,3468,0,0,1,15424,0,0,0,1088,0,0,0,0,0,0,2017-02-13,2017-02-13,NA
"209","11_47368177_C_T","MYBPC3",1.29790345328845e-05,0,0,0,0,0,0,0.000108428509469423,0,"11",47368177,"rs767239679","C","T","gnomAD Exomes","c.926+1G>A","","c.926+1G>A","splice_donor_variant","",3,231142,0,0,0,15144,0,0,0,31514,0,0,0,8314,0,0,0,17252,0,0,0,20670,0,0,0,105078,0,0,0,5502,0,0,3,27668,0,0,2017-03-20,2017-03-20,NA
"210","14_23898201_A_G","MYH7",3.97630124458229e-06,0,0,0,0,0,8.79012692943286e-06,0,0,"14",23898201,"rs397516103","A","G","gnomAD Exomes","p.Ile457Thr","p.Ile457Thr","c.1370T>C","missense_variant","segdup",1,251490,0,0,0,16256,0,0,0,34592,0,0,0,10080,0,0,0,18394,0,0,0,21648,0,0,1,113764,0,0,0,6140,0,0,0,30616,0,0,2017-01-27,2017-03-21,NA
"211","14_23883216_C_T","MYH7",1.19313707554149e-05,0,0,0,0,0,2.63736263736264e-05,0,0,"14",23883216,"rs753392652","C","T","gnomAD Exomes","c.5655G>A","c.5655G>A(p.=)","c.5655G>A","splice_region_variant","segdup",3,251438,0,0,0,16256,0,0,0,34592,0,0,0,10078,0,0,0,18394,0,0,0,21612,0,0,3,113750,0,0,0,6140,0,0,0,30616,0,0,2017-04-21,2017-04-21,NA
"212","14_23891465_C_T","MYH7",7.95272897894913e-06,0,0,0,0,0,1.7580562929625e-05,0,0,"14",23891465,"rs397516179","C","T","gnomAD Exomes","p.Gly1057Ser","p.Gly1057Ser","c.3169G>A","missense_variant","segdup",2,251486,0,0,0,16256,0,0,0,34592,0,0,0,10080,0,0,0,18394,0,0,0,21646,0,0,2,113762,0,0,0,6140,0,0,0,30616,0,0,2016-12-15,2017-04-21,NA
"213","11_47367848_C_T","MYBPC3",0.000236822275646776,0,0,0,0.00333846944016436,0,7.85545954438335e-06,0,0,"11",47367848,"rs573916965","C","T","gnomAD Exomes,gnomAD Genomes","p.Glu334Lys","p.Glu334Lys","c.1000G>A","missense_variant","",66,278690,0,0,0,24060,0,0,0,35162,0,0,0,10274,0,0,65,19470,0,0,0,24922,0,0,1,127300,0,0,0,7082,0,0,0,30420,0,0,2014-01-07,2017-04-27,NA
"214","14_23898502_C_T","MYH7",9.55840183521315e-05,0,0,0,0,0,0.000194628260023355,NA,0,"14",23898502,"rs730880158","C","T","gnomAD Genomes","p.Gly398Glu","p.Gly398Glu","c.1193G>A","missense_variant","segdup",3,31386,0,0,0,8714,0,0,0,846,0,0,0,290,0,0,0,1560,0,0,0,3474,0,0,3,15414,0,0,0,1088,0,0,0,0,0,0,2017-05-07,2017-05-07,NA
"215","11_47355304_C_T","MYBPC3",4.3666215449107e-06,0,3.0071570337403e-05,0,0,0,0,0,0,"11",47355304,"rs730880584","C","T","gnomAD Exomes","c.2995-1G>A","","c.2995-1G>A","splice_acceptor_variant","",1,229010,0,0,0,15024,0,0,1,33254,0,0,0,8370,0,0,0,17832,0,0,0,16390,0,0,0,105576,0,0,0,5596,0,0,0,26968,0,0,2017-05-24,2017-05-24,NA
"216","11_47364162_C_G","MYBPC3",1.79557713440254e-05,4.13838768415825e-05,0,0,0,0,3.14911037631869e-05,0,0,"11",47364162,"rs397515912","C","G","gnomAD Exomes,gnomAD Genomes","p.Gly531Arg","p.Gly531Arg","c.1591G>C","missense_variant","",5,278462,0,0,1,24164,0,0,0,35204,0,0,0,10206,0,0,0,19512,0,0,0,24816,0,0,4,127020,0,0,0,7080,0,0,0,30460,0,0,2017-05-25,2017-05-25,NA
"217","11_47364162_C_T","MYBPC3",3.23773908679569e-05,0,0,0,5.57040998217469e-05,0,5.37605505080372e-05,0,0.000166889185580774,"11",47364162,"rs397515912","C","T","gnomAD Exomes","p.Gly531Arg","p.Gly531Arg","c.1591G>A","missense_variant","",8,247086,0,0,0,15464,0,0,0,34356,0,0,0,9916,0,0,1,17952,0,0,0,21340,0,0,6,111606,0,0,1,5992,0,0,0,30460,0,0,2017-05-25,2017-05-25,NA
"218","14_23884421_C_T","MYH7",1.76743396866693e-05,0,0,0,0,0,2.3220533143441e-05,6.53253200940685e-05,0,"14",23884421,"rs397516246","C","T","gnomAD Exomes,gnomAD Genomes","p.Arg1781His","p.Arg1781His","c.5342G>A","missense_variant","segdup",5,282896,0,0,0,24970,0,0,0,35440,0,0,0,10370,0,0,0,19954,0,0,0,25124,0,0,3,129196,0,0,0,7226,0,0,2,30616,0,0,2014-01-21,2017-06-23,NA
"219","11_47370092_C_A","MYBPC3",4.11082792074324e-06,0,0,0,0,0,0,0,0.000169491525423729,"11",47370092,"rs397516068","C","A","gnomAD Exomes","p.Val219Phe","p.Val219Phe","c.655G>T","missense_variant","",1,243260,0,0,0,15014,0,0,0,33894,0,0,0,9890,0,0,0,17656,0,0,0,21082,0,0,0,109890,0,0,1,5900,0,0,0,29934,0,0,2017-07-03,2017-07-03,NA
"220","15_63353123_C_T","TPM1",1.59163436975258e-05,0,0,0,0,0,3.51858693548671e-05,0,0,"15",63353123,"rs397516376","C","T","gnomAD Exomes","p.Ala183Val","p.Ala183Val","c.548C>T","missense_variant","",4,251314,0,0,0,16252,0,0,0,34590,0,0,0,10076,0,0,0,18394,0,0,0,21568,0,0,4,113682,0,0,0,6136,0,0,0,30616,0,0,2015-10-07,2017-07-25,NA
"221","12_112926270_C_T","PTPN11",3.98111359709538e-06,0,0,0,0,4.61936437546194e-05,0,0,0,"12",112926270,"rs121918457","C","T","gnomAD Exomes","p.Thr468Met","p.Thr468Met","c.1403C>T","missense_variant","segdup",1,251186,0,0,0,16256,0,0,0,34592,0,0,0,10080,0,0,0,18392,0,0,1,21648,0,0,0,113470,0,0,0,6132,0,0,0,30616,0,0,2017-07-28,2017-07-28,NA
"222","3_46900980_C_A","MYL3",1.19348832768416e-05,0,0,0,0,0,2.63926522856037e-05,0,0,"3",46900980,"rs199474707","C","A","gnomAD Exomes","p.Val156Leu","p.Val156Leu","c.466G>T","missense_variant","",3,251364,0,0,0,16256,0,0,0,34580,0,0,0,10074,0,0,0,18392,0,0,0,21646,0,0,3,113668,0,0,0,6132,0,0,0,30616,0,0,2015-10-30,2017-08-01,NA
"223","11_47355107_C_T","MYBPC3",4.18266536167507e-06,0,0,9.97008973080758e-05,0,0,0,0,0,"11",47355107,"rs111683277","C","T","gnomAD Exomes","c.3190+1G>A","","c.3190+1G>A","splice_donor_variant","",1,239082,0,0,0,15420,0,0,0,34470,0,0,1,10030,0,0,0,17926,0,0,0,12080,0,0,0,112586,0,0,0,5978,0,0,0,30592,0,0,2017-10-06,2017-10-06,NA
"224","11_47360114_G_T","MYBPC3",4.012583461736e-06,0,0,0,0,0,0,0,0.000165180046250413,"11",47360114,"rs1060501474","G","T","gnomAD Exomes","p.Asn755Lys","p.Asn755Lys","c.2265C>A","missense_variant","",1,249216,0,0,0,15494,0,0,0,34516,0,0,0,10058,0,0,0,17976,0,0,0,21548,0,0,0,112968,0,0,1,6054,0,0,0,30602,0,0,2017-11-10,2017-11-10,NA
"225","14_23893148_C_G","MYH7",0.000438332920923327,0,5.64334085778781e-05,0,0,0,0.000843679370878355,0.000424614580611445,0,"14",23893148,"rs45496496","C","G","gnomAD Exomes,gnomAD Genomes","p.Val964Leu","p.Val964Leu","c.2890G>C","missense_variant","segdup",124,282890,0,0,0,24968,0,0,2,35440,0,0,0,10370,0,0,0,19954,0,0,0,25118,0,0,109,129196,0,0,0,7228,0,0,13,30616,0,0,2015-02-25,2017-12-03,2016-06-14
"226","11_47363601_C_T","MYBPC3",4.11346584177965e-06,6.65247472059606e-05,0,0,0,0,0,0,0,"11",47363601,"rs730880546","C","T","gnomAD Exomes","p.Trp577Ter","p.Trp577Ter","c.1731G>A","stop_gained","",1,243104,0,0,1,15032,0,0,0,33722,0,0,0,9924,0,0,0,17598,0,0,0,21258,0,0,0,109906,0,0,0,5956,0,0,0,29708,0,0,2017-12-12,2017-12-12,NA
"227","11_47374196_C_G","MYBPC3",4.32829231554982e-06,0,0,0,0,0,9.5084149472283e-06,0,0,"11",47374196,"rs397516045","C","G","gnomAD Exomes","p.Met1?","p.Met1?","c.3G>C","start_lost","",1,231038,0,0,0,14110,0,0,0,31350,0,0,0,9454,0,0,0,15314,0,0,0,21320,0,0,1,105170,0,0,0,5422,0,0,0,28898,0,0,2018-01-18,2018-01-18,NA
"228","12_112926909_A_G","PTPN11",3.97626962289059e-06,0,2.89084181313599e-05,0,0,0,0,0,0,"12",112926909,"rs121918470","A","G","gnomAD Exomes","p.Gln510Arg","p.Gln510Arg","c.1529A>G","missense_variant","segdup",1,251492,0,0,0,16256,0,0,1,34592,0,0,0,10080,0,0,0,18394,0,0,0,21648,0,0,0,113768,0,0,0,6138,0,0,0,30616,0,0,2018-01-26,2018-01-26,NA
"229","14_23895254_C_T","MYH7",1.06099294793354e-05,4.00833734167068e-05,2.82310428547231e-05,0,0,0,7.7452134580829e-06,0,0,"14",23895254,"rs886039030","C","T","gnomAD Exomes,gnomAD Genomes","p.Arg694His","p.Arg694His","c.2081G>A","missense_variant","segdup",3,282754,0,0,1,24948,0,0,1,35422,0,0,0,10370,0,0,0,19952,0,0,0,25112,0,0,1,129112,0,0,0,7222,0,0,0,30616,0,0,2018-02-13,2018-02-13,NA
"230","19_55666111_C_G","TNNI3",8.02375030089064e-06,0,0,0,0.000111296605453534,0,0,0,0,"19",55666111,"rs727503506","C","G","gnomAD Exomes","p.Glu124Gln","p.Glu124Gln","c.370G>C","missense_variant","",2,249260,0,0,0,15470,0,0,0,34500,0,0,0,10068,0,0,2,17970,0,0,0,21520,0,0,0,113096,0,0,0,6054,0,0,0,30582,0,0,2016-05-23,2018-02-27,NA
"231","X_100654735_C_T","GLA",4.529600942157e-05,0,0,0,0.001,0,0,NA,0,"X",100654735,"rs199473684","C","T","gnomAD Genomes","c.640-801G>A","","c.640-801G>A","intron_variant","",1,22077,0,1,0,5957,0,0,0,623,0,0,0,181,0,0,1,1000,0,1,0,2626,0,0,0,10882,0,0,0,808,0,0,0,0,0,0,2018-04-03,2018-04-03,NA
"232","14_23894063_T_C","MYH7",3.97671237234753e-06,0,0,0,0,0,8.79105422322245e-06,0,0,"14",23894063,"rs758891557","T","C","gnomAD Exomes","p.Lys865Arg","p.Lys865Arg","c.2594A>G","missense_variant","segdup",1,251464,0,0,0,16256,0,0,0,34588,0,0,0,10080,0,0,0,18392,0,0,0,21646,0,0,1,113752,0,0,0,6134,0,0,0,30616,0,0,2018-04-18,2018-04-18,NA
"233","14_23895255_G_A","MYH7",1.98919469441991e-05,0,0,0,5.43655539849951e-05,0,3.51858693548671e-05,0,0,"14",23895255,"rs727504240","G","A","gnomAD Exomes","p.Arg694Cys","p.Arg694Cys","c.2080C>T","missense_variant","segdup",5,251358,0,0,0,16248,0,0,0,34570,0,0,0,10076,0,0,1,18394,0,0,0,21644,0,0,4,113682,0,0,0,6134,0,0,0,30610,0,0,2017-03-07,2018-05-17,NA
"234","15_35086982_G_T","ACTC1",3.19053898838644e-05,0,8.47266154541347e-05,0,0,0,3.88675549198551e-05,0,0.00013869625520111,"15",35086982,"rs397517057","G","T","gnomAD Exomes,gnomAD Genomes","p.Leu10Met","p.Leu10Met","c.28C>A","missense_variant","segdup",9,282084,0,0,0,24858,0,0,3,35408,0,0,0,10352,0,0,0,19928,0,0,0,25090,0,0,5,128642,0,0,1,7210,0,0,0,30596,0,0,2016-06-14,2018-06-08,NA
"235","15_63356332_T_C","TPM1",3.98768602555309e-06,0,0,0,0,0,8.81305742588219e-06,0,0,"15",63356332,"rs199476321","T","C","gnomAD Exomes","p.Met281Thr","p.Met281Thr","c.842T>C","missense_variant","",1,250772,0,0,0,16200,0,0,0,34516,0,0,0,10058,0,0,0,18384,0,0,0,21590,0,0,1,113468,0,0,0,6114,0,0,0,30442,0,0,2018-07-12,2018-07-12,NA
"236","14_23900977_G_A","MYH7",1.59052049783292e-05,0,2.89084181313599e-05,0,0,0,1.75793267117869e-05,3.26626600470342e-05,0,"14",23900977,"rs727503277","G","A","gnomAD Exomes","p.Pro211Leu","p.Pro211Leu","c.632C>T","missense_variant","segdup",4,251490,0,0,0,16256,0,0,1,34592,0,0,0,10080,0,0,0,18394,0,0,0,21646,0,0,2,113770,0,0,0,6136,0,0,1,30616,0,0,2014-06-25,2018-07-24,NA
"237","18_29178618_G_A","TTR",0.00153823304761097,0.0162207625760974,0.00059255079006772,0,0,0,3.09750960227977e-05,6.53253200940685e-05,0.000415052573325955,"18",29178618,"rs76992529","G","A","gnomAD Exomes,gnomAD Genomes","p.Val142Ile","p.Val142Ile","c.424G>A","missense_variant","",435,282792,3,0,405,24968,3,0,21,35440,0,0,0,10368,0,0,0,19942,0,0,0,25094,0,0,4,129136,0,0,3,7228,0,0,2,30616,0,0,2018-08-06,2018-08-06,NA
"238","14_23899792_C_G","MYH7",8.84617562135538e-05,4.00769477396601e-05,2.82501836261936e-05,0,5.01353654868144e-05,0,0.000162707452001302,0,0.000138427464008859,"14",23899792,"rs372731424","C","G","gnomAD Exomes,gnomAD Genomes","p.Ala326Pro","p.Ala326Pro","c.976G>C","missense_variant","segdup",25,282608,0,0,1,24952,0,0,1,35398,0,0,0,10360,0,0,1,19946,0,0,0,25094,0,0,21,129066,0,0,1,7224,0,0,0,30568,0,0,2014-06-01,2018-08-16,NA
"239","14_23894990_G_C","MYH7",3.98114529587872e-06,0,0,0,0,0,0,3.26626600470342e-05,0,"14",23894990,"rs1173617248","G","C","gnomAD Exomes","p.Gln734Glu","p.Gln734Glu","c.2200C>G","missense_variant","segdup",1,251184,0,0,0,16256,0,0,0,34592,0,0,0,10080,0,0,0,18394,0,0,0,21648,0,0,0,113466,0,0,0,6132,0,0,1,30616,0,0,2018-08-20,2018-08-20,NA
"240","11_19206558_C_T","CSRP3",1.41425712608809e-05,0,0,0,0,0,3.09731772285201e-05,0,0,"11",19206558,"rs761507504","C","T","gnomAD Exomes,gnomAD Genomes","p.Cys150Tyr","p.Cys150Tyr","c.449G>A","missense_variant","",4,282834,0,0,0,24974,0,0,0,35440,0,0,0,10362,0,0,0,19954,0,0,0,25122,0,0,4,129144,0,0,0,7222,0,0,0,30616,0,0,2015-09-28,2018-09-11,NA
"241","14_23887443_C_T","MYH7",3.97677563031894e-06,6.15157480314961e-05,0,0,0,0,0,0,0,"14",23887443,"rs727504325","C","T","gnomAD Exomes","p.Arg1382Gln","p.Arg1382Gln","c.4145G>A","missense_variant","segdup",1,251460,0,0,1,16256,0,0,0,34592,0,0,0,10078,0,0,0,18394,0,0,0,21648,0,0,0,113736,0,0,0,6140,0,0,0,30616,0,0,2018-08-03,2018-09-12,NA
"242","12_111348980_C_G","MYL2",4.83434317390744e-05,0,0,0,0.000163185378590078,0,8.09658324187193e-05,0,0,"12",111348980,"rs199474813","C","G","gnomAD Exomes","c.403-1G>C","","c.403-1G>C","splice_acceptor_variant","",12,248224,0,0,0,16240,0,0,0,34580,0,0,0,10058,0,0,3,18384,0,0,0,21078,0,0,9,111158,0,0,0,6114,0,0,0,30612,0,0,2018-09-17,2018-09-17,NA
"243","11_47359095_G_A","MYBPC3",4.01242245993596e-06,0,0,0,0,0,8.85112409275978e-06,0,0,"11",47359095,"rs727503188","G","A","gnomAD Exomes","p.Arg817Trp","p.Arg817Trp","c.2449C>T","missense_variant","",1,249226,0,0,0,15500,0,0,0,34520,0,0,0,10056,0,0,0,17976,0,0,0,21540,0,0,1,112980,0,0,0,6052,0,0,0,30602,0,0,2018-09-21,2018-09-21,NA
"244","11_47359094_C_T","MYBPC3",1.7819467411758e-05,8.26377985290472e-05,2.82757450658825e-05,0,5.11980339954946e-05,0,0,3.26776027710607e-05,0,"11",47359094,"rs397515964","C","T","gnomAD Exomes,gnomAD Genomes","p.Arg817Gln","p.Arg817Gln","c.2450G>A","missense_variant","",5,280592,0,0,2,24202,0,0,1,35366,0,0,0,10346,0,0,1,19532,0,0,0,25012,0,0,0,128394,0,0,0,7138,0,0,1,30602,0,0,2011-02-24,2018-11-05,NA
"245","14_23900799_G_A","MYH7",3.18430773149917e-05,0,0,0,0,0,6.48172154524242e-05,NA,0,"14",23900799,"rs397516265","G","A","gnomAD Genomes","p.Arg243Cys","p.Arg243Cys","c.727C>T","missense_variant","segdup",1,31404,0,0,0,8718,0,0,0,848,0,0,0,290,0,0,0,1560,0,0,0,3474,0,0,1,15428,0,0,0,1086,0,0,0,0,0,0,2018-11-09,2018-11-09,NA
"246","19_55663243_G_C","TNNI3",4.00685974388152e-06,0,0,9.92851469420175e-05,0,0,0,0,0,"19",55663243,"rs727504285","G","C","gnomAD Exomes","p.Leu198Val","p.Leu198Val","c.592C>G","missense_variant","",1,249572,0,0,0,15486,0,0,0,34528,0,0,1,10072,0,0,0,17978,0,0,0,21562,0,0,0,113280,0,0,0,6064,0,0,0,30602,0,0,2016-08-03,2018-11-15,NA
"247","11_47364709_C_T","MYBPC3",1.47906020514565e-05,0,2.9108691855388e-05,0,0,8.37801608579088e-05,8.09022215750044e-06,0,0,"11",47364709,"rs397515893","C","T","gnomAD Exomes,gnomAD Genomes","c.1227-13G>A","","c.1227-13G>A","intron_variant","",4,270442,0,0,0,23024,0,0,1,34354,0,0,0,10066,0,0,0,19066,0,0,2,23872,0,0,1,123606,0,0,0,6916,0,0,0,29538,0,0,2018-11-16,2018-11-16,NA
"248","19_55665540_C_T","TNNI3",4.02265559631847e-06,0,0,0,0,0,8.83439051539834e-06,0,0,"19",55665540,"rs730881069","C","T","gnomAD Exomes","p.Arg136Gln","p.Arg136Gln","c.407G>A","missense_variant","",1,248592,0,0,0,15462,0,0,0,34524,0,0,0,10066,0,0,0,17976,0,0,0,20714,0,0,1,113194,0,0,0,6054,0,0,0,30602,0,0,2018-12-02,2018-12-02,NA
"249","12_111348980_C_A","MYL2",4.02861931158953e-06,0,0,0,0,0,8.99620360207992e-06,0,0,"12",111348980,"rs199474813","C","A","gnomAD Exomes","c.403-1G>T","","c.403-1G>T","splice_acceptor_variant","",1,248224,0,0,0,16240,0,0,0,34580,0,0,0,10058,0,0,0,18384,0,0,0,21078,0,0,1,111158,0,0,0,6114,0,0,0,30612,0,0,2018-12-03,2018-12-03,NA
"250","1_201334389_G_A","TNNT2",1.59052049783292e-05,0,0,0,5.43655539849951e-05,0,1.75796357499473e-05,3.26626600470342e-05,0,"1",201334389,"rs727504245","G","A","gnomAD Exomes","p.Ala104Val","p.Ala104Val","c.311C>T","missense_variant","",4,251490,0,0,0,16256,0,0,0,34592,0,0,0,10080,0,0,1,18394,0,0,0,21644,0,0,2,113768,0,0,0,6140,0,0,1,30616,0,0,2017-04-19,2018-12-10,NA
"251","14_23893234_T_A","MYH7",7.95253924578118e-06,0,0,0,0,0,1.75796357499473e-05,0,0,"14",23893234,"rs730880761","T","A","gnomAD Exomes","p.Glu935Val","p.Glu935Val","c.2804A>T","missense_variant","segdup",2,251492,0,0,0,16256,0,0,0,34592,0,0,0,10080,0,0,0,18394,0,0,0,21646,0,0,2,113768,0,0,0,6140,0,0,0,30616,0,0,2018-12-18,2018-12-18,NA
"252","14_23894984_T_C","MYH7",7.96222719419076e-06,0,0,0,0,0,1.76261148517644e-05,0,0,"14",23894984,"rs397516138","T","C","gnomAD Exomes","p.Ile736Val","p.Ile736Val","c.2206A>G","missense_variant","segdup",2,251186,0,0,0,16256,0,0,0,34592,0,0,0,10080,0,0,0,18394,0,0,0,21648,0,0,2,113468,0,0,0,6132,0,0,0,30616,0,0,2014-07-17,2018-12-19,NA
"253","14_23891500_C_A","MYH7",1.59071025212757e-05,0,0,0,0,0,3.51666901111267e-05,0,0,"14",23891500,"rs397516178","C","A","gnomAD Exomes","p.Arg1045Leu","p.Arg1045Leu","c.3134G>T","missense_variant","segdup",4,251460,0,0,0,16256,0,0,0,34588,0,0,0,10078,0,0,0,18394,0,0,0,21646,0,0,4,113744,0,0,0,6140,0,0,0,30614,0,0,2016-06-22,2018-12-26,NA
"254","1_201334755_C_T","TNNT2",3.18471337579618e-05,0,0,0,0,0,6.48172154524242e-05,NA,0,"1",201334755,"rs727504244","C","T","gnomAD Genomes","p.Glu83Lys","p.Glu83Lys","c.247G>A","missense_variant","",1,31400,0,0,0,8712,0,0,0,848,0,0,0,290,0,0,0,1558,0,0,0,3476,0,0,1,15428,0,0,0,1088,0,0,0,0,0,0,2019-01-16,2019-01-16,NA
"255","14_23902295_A_G","MYH7",3.97949762821941e-06,0,0,0,0,0,8.80498714471877e-06,0,0,"14",23902295,"rs397516183","A","G","gnomAD Exomes","p.Tyr115His","p.Tyr115His","c.343T>C","missense_variant","segdup",1,251288,0,0,0,16254,0,0,0,34590,0,0,0,10078,0,0,0,18394,0,0,0,21646,0,0,1,113572,0,0,0,6140,0,0,0,30614,0,0,2018-12-22,2019-02-08,NA
"256","X_100656740_C_T","GLA",0.000506247779081258,0.000157554750275721,0.000392170843880352,0.000130463144161774,0,5.36221781328758e-05,0.000948592741109638,0,0,"X",100656740,"rs104894845","C","T","gnomAD Exomes,gnomAD Genomes","p.Ala143Thr","p.Ala143Thr","c.427G>A","missense_variant","",104,205433,0,29,3,19041,0,1,11,28049,0,2,1,7665,0,0,0,14851,0,0,1,18649,0,0,88,92769,0,26,0,5333,0,0,0,19076,0,0,2019-02-19,2019-02-19,NA
"257","12_111353525_C_G","MYL2",3.97702868233086e-06,0,0,0,0,0,0,3.26626600470342e-05,0,"12",111353525,"rs727504425","C","G","gnomAD Exomes","p.Ala55Pro","p.Ala55Pro","c.163G>C","missense_variant","",1,251444,0,0,0,16256,0,0,0,34590,0,0,0,10080,0,0,0,18394,0,0,0,21648,0,0,0,113720,0,0,0,6140,0,0,1,30616,0,0,2019-05-28,2019-05-28,NA
"258","20_42815155_C_T","JPH2",3.97807286238255e-06,0,0,0,0,0,8.79492005417671e-06,0,0,"20",42815155,"rs754529157","C","T","gnomAD Exomes","p.Trp64Ter","p.Trp64Ter","c.191G>A","stop_gained","",1,251378,0,0,0,16254,0,0,0,34572,0,0,0,10078,0,0,0,18392,0,0,0,21632,0,0,1,113702,0,0,0,6138,0,0,0,30610,0,0,2019-06-25,2019-06-25,NA
